"id","raw","encoded","pred","label","dist","training_count","not_exact"
"628","4 tablespoons extra-virgin olive oil","4 tablespoons extra - virgin olive oil","extra-virgin olive oil","olive oil","0.044152893","223","False"
"4448","¾ cup dashi ((200 ml; Kombu Dashi for vegetarian))","3 / 4 cup dashi ( ( 200 ml UNK UNK for vegetarian ) )","beef broth","","0.45259506","335","False"
"2473","2 cups coarsely crushed salted potato chips (about 2 ounces)","2 cups coarsely crushed salted potato chips ( about 2 ounces )","soft tofu","","0.45336604","335","False"
"7041","2 cups additional chopped veggies (optional)","2 cups additional chopped UNK ( optional )","regular mayonnaise","","0.3063982","335","False"
"266","5 pounds boneless beef chuck, cut into ½-inch slices","5 pounds boneless beef chuck , cut into 1 / 2 - inch slices","chuck steak","","0.25296953","335","False"
"4658","3 tablespoons chopped dill pickles","3 tablespoons chopped dill pickles","fresh dill","","0.2855401","335","False"
"4485","1/2 cup grits","1 / 2 cup grits","macaroni","","0.42376217","335","False"
"889","2 teaspoons Sichuan peppercorns (optional)","2 teaspoons Sichuan peppercorns ( optional )","ground black pepper","","0.38936865","335","False"
"5342","Condiments as desired, such as Chipotle Mayonnaise, ketchup, mustard, or mayonnaise (optional)","UNK as desired , such as Chipotle Mayonnaise , ketchup , mustard , or mayonnaise ( optional )","regular mayonnaise","","0.39692098","335","False"
"2946","1/4 cup basil leaves, (thinly sliced)","1 / 4 cup basil leaves , ( thinly sliced )","fresh basil","ground dried basil","0.2627862","9","False"
"701","6 ounces shredded cooked skinless chicken breast, divided","6 ounces shredded cooked skinless chicken breast , divided","skinless chicken breast","","0.21370953","335","False"
"3567","1 cup frozen blueberries","1 cup frozen blueberries","blueberry","","0.17030141","335","False"
"263","2 dried guajillo chiles","2 dried guajillo chiles","ancho dried chili","","0.26325217","335","False"
"5123","1- 1/2 cup mozzarella cheese","1 - 1 / 2 cup mozzarella cheese","low-moisture part-skim mozzarella cheese","shredded low-moisture part-skim mozzarella cheese","0.21650434","15","True"
"5180","1 cup dried white beans, soaked for several hours or overnight","1 cup dried white beans , soaked for several hours or overnight","cannellini bean","","0.32975435","335","False"
"2717","¼ cup freshly chopped oregano","1 / 4 cup freshly chopped oregano","dried oregano leaf","","0.30049577","335","False"
"9000","1/2 cup shredded fontina cheese","1 / 2 cup shredded fontina cheese","shredded low-moisture part-skim mozzarella cheese","","0.2268391","335","False"
"6619","A small pinch of dried wood ear mushrooms (black fungus (yields 1 cup after rehydration))","A small pinch of dried wood ear mushrooms ( black fungus ( yields 1 cup after UNK ) )","ground dried basil","","0.38009912","335","False"
"72","2 Tbsp extra virgin olive oil","2 Tbsp extra virgin olive oil","extra-virgin olive oil","olive oil","0.047648396","223","False"
"8925","1/3 cup dried blueberries","1 / 3 cup dried blueberries","dried apricot","","0.2991258","335","False"
"1503","Pickled onions","Pickled onions","yellow onion","","0.32391343","335","False"
"998","1 cup basil leaves","1 cup basil leaves","fresh basil","ground dried basil","0.2323989","9","False"
"3398","2 cups of quartered sliced cucumber ((I prefer persian or english cucumbers))","2 cups of quartered sliced cucumber ( ( I prefer UNK or UNK cucumbers ) )","slicing cucumber","english cucumber","0.2191725","9","False"
"4460","1 tablespoon cacao nibs or chocolate chips (see note)","1 tablespoon cacao nibs or chocolate chips ( see note )","vanilla extract","","0.4730485","335","False"
"4948","1 tablespoon gochugaru Korean chili flakes or chili paste","1 tablespoon gochugaru Korean chili flakes or chili paste","crushed red pepper flake","","0.32166484","335","False"
"4524","2 tablespoons coconut amino acids (or tamari: GF soy sauce if you are not Paleo)","2 tablespoons coconut UNK UNK ( or tamari UNK soy sauce if you are not UNK )","tamari","","0.36687467","335","False"
"4461","whipped cream or whipped coconut cream (for garnish, optional)","whipped cream or whipped coconut cream ( for garnish , optional )","sour cream","","0.28590065","335","False"
"699","8 (7-inch) whole-wheat or grain-free tortillas","8 ( 7 - inch ) whole - wheat or grain - free tortillas","flour tortilla","","0.27996373","335","False"
"2382","1/4 cup Ranch dressing","1 / 4 cup Ranch dressing","Caesar dressing","ranch dressing","0.1600722","2","False"
"7917","16 to 18 (12-inch) bamboo skewers, soaked in warm water for 15 to 30 minutes","16 to 18 ( 12 - inch ) bamboo skewers , soaked in warm water for 15 to 30 minutes","garlic","","0.40156284","335","False"
"1153","Sweet stir-fry blend (coconut aminos - fish sauce)","Sweet stir - fry blend ( coconut UNK - fish sauce )","sweet potato","","0.4412273","335","False"
"5453","6 oil-packed anchovies","6 oil - packed anchovies","tomato","","0.4756316","335","False"
"2629","1 can (4 ounces) mushroom stems and pieces, drained","1 can ( 4 ounces ) mushroom stems and pieces , drained","brown mushroom","","0.39589322","335","False"
"6623","1/4 teaspoon sea salt","1 / 4 teaspoon sea salt","table salt","kosher salt","0.1221238","113","True"
"8666","3 ounces dried apple slices","3 ounces dried apple slices","dried rosemary","","0.37822473","335","False"
"656","1 tablespoon Pâté (optional, but recommended)","1 tablespoon UNK ( optional , but recommended )","regular mayonnaise","","0.25691944","335","False"
"2979","¼ cup plus 2 Tbsp. extra-virgin olive oil, plus more for drizzling","1 / 4 cup plus 2 Tbsp . extra - virgin olive oil , plus more for drizzling","extra-virgin olive oil","olive oil","0.18078694","223","False"
"3078","Vegan Parmesan Cheese","Vegan Parmesan Cheese","grated parmesan cheese","","0.24359348","335","False"
"726","1 cup uncooked brown basmati rice, for serving (rice is optional, I like to cook extra to have on hand for other meals)","1 cup uncooked brown basmati rice , for serving ( rice is optional , I like to cook extra to have on hand for other UNK )","brown rice","","0.23382014","335","False"
"4986","1/2 teaspoon dried mint, dill or tarragon","1 / 2 teaspoon dried mint , dill or tarragon","dried basil leaf","","0.31065625","335","False"
"485","1/4 cup tamarind juice","1 / 4 cup tamarind juice","lime juice","","0.29848605","335","False"
"365","2 tsp kecap manis ((Note 3))","2 tsp kecap manis ( ( Note 3 ) )","chili garlic sauce","","0.36342928","335","False"
"1261","1 can condensed tomato soup","1 can condensed tomato soup","cream of chicken soup","","0.40602747","335","False"
"2477","3 tablespoons finely chopped lemongrass- or use lemongrass paste.","3 tablespoons finely chopped lemongrass - or use lemongrass paste .","fresh ginger","","0.3010723","335","False"
"2776","2 tablespoon coconut aminos","2 tablespoon coconut UNK","coconut oil","","0.38002697","335","False"
"553","½ teaspoon pimentón","1 / 2 teaspoon pimentón","ground paprika","","0.36248285","335","False"
"7652","3 cups leftover cooked quinoa,* brown rice,* or uncooked cauliflower rice*","3 cups leftover cooked quinoa , brown rice , or uncooked cauliflower rice","cooked white rice","","0.34547222","335","False"
"440","6 cups watercress","6 cups watercress","arugula","","0.36042273","335","False"
"4865","Pinch red pepper flakes","Pinch red pepper flakes","crushed red pepper flake","ground red pepper","0.20419511","33","False"
"915","8 cardamom pods, lightly crushed with the flat side of a knife","8 cardamom pods , lightly crushed with the flat side of a knife","ground cardamom","","0.37555993","335","False"
"1087","4 ounces grated gruyère or Comté cheese","4 ounces grated gruyère or Comté cheese","shredded colby cheese","shredded gruyere cheese","0.20959224","5","False"
"4353","1 (12-ounce) bag fresh or frozen cranberries","1 ( 12 - ounce ) bag fresh or frozen cranberries","dried cranberry","","0.43274146","335","False"
"4173","4 skinless chicken legs","4 skinless chicken legs","skinless chicken breast","","0.1645577","335","False"
"454","1 tbsp. extra-virgin olive oil","1 tbsp . extra - virgin olive oil","extra-virgin olive oil","olive oil","0.07170718","223","False"
"3174","2 tsp Bragg's Aminos","2 tsp Bragg s Aminos","white onion","","0.38631368","335","False"
"3241","1-1/2 cups cubed cooked turkey breast","1 - 1 / 2 cups cubed cooked turkey breast","turkey breast","","0.34062296","335","False"
"3775","3 small dried hot red peppers","3 small dried hot red peppers","ancho dried chili","","0.24937953","335","False"
"2897","3 dried chili peppers ((de-seeded and cut into segments))","3 dried chili peppers ( ( de - seeded and cut into segments ) )","ancho dried chili","","0.27272624","335","False"
"2646","1 1/2 cups cooked and cooled farro","1 1 / 2 cups cooked and cooled farro","pancetta","","0.29796755","335","False"
"6770","1 tablespoon poultry seasoning","1 tablespoon poultry seasoning","Italian seasoning","","0.26303965","335","False"
"6345","2 cups cooked white rice","2 cups cooked white rice","cooked white rice","white rice","0.10149488","25","False"
"2916","soft/hard-boiled egg","soft / hard - boiled egg","egg","","0.22710148","335","False"
"6665","1 Tbsp fresh sage (chopped)","1 Tbsp fresh sage ( chopped )","ground dried sage","","0.31406832","335","False"
"5043","1 tbsp coconut aminos (or fish sauce, if not vegan)","1 tbsp coconut UNK ( or fish sauce , if not vegan )","white sugar","","0.3579855","335","False"
"1332","1 tsp salt, celtic sea salt preferred","1 tsp salt , UNK sea salt preferred","table salt","kosher salt","0.18240166","113","True"
"4210","3/4 cup frozen raspberries","3 / 4 cup frozen raspberries","red raspberry","","0.33366472","335","False"
"5443","1 bulb garlic, peeled","1 bulb garlic , peeled","garlic","","0.24533841","335","False"
"4740","1/4 cup roasted chickpeas (recipe below)","1 / 4 cup roasted chickpeas ( recipe below )","chickpea","","0.21832344","335","False"
"3913","2/3 cup buffalo hot sauce of choice, see note","2 / 3 cup buffalo hot sauce of choice , see note","barbecue sauce","","0.38739687","335","False"
"446","1 tsp. Gochujang Red Pepper Paste","1 tsp . Gochujang Red Pepper Paste","red bell pepper","","0.42494485","335","False"
"1174","1/2 cup (120ml) homemade or store-bought tahini sauce (note that tahini and tahini sauce are different products)","1 / 2 cup ( UNK ) homemade or store - bought tahini sauce ( note that tahini and tahini sauce are different UNK )","tahini","","0.2698528","335","False"
"2655","1 1/2 cups cooked and cooled red quinoa","1 1 / 2 cups cooked and cooled red quinoa","quinoa","","0.41405958","335","False"
"5025","3 tablespoons cooked peas ( from above)","3 tablespoons cooked peas ( from above )","frozen pea","","0.24722612","335","False"
"165","⅓ cup Mexican Crema","1 / 3 cup Mexican Crema","70% lean ground beef","","0.36582124","335","False"
"884","10-15 frozen cylindrical rice cakes (optional), or rice noodles, or pasta, or steamed rice","10 - 15 frozen cylindrical rice cakes ( optional ) , or rice noodles , or pasta , or steamed rice","frozen mixed vegetable","","0.3658175","335","False"
"4086","1 Tbsp. Meatloaf Seasoning","1 Tbsp . UNK Seasoning","fish sauce","","0.4018513","335","False"
"2781","1 teaspoon lemon grass, sliced","1 teaspoon lemon grass , sliced","lemon","","0.37227404","335","False"
"668","1/2 - 3/4 cup unsweetened vanilla almond milk","1 / 2 - 3 / 4 cup unsweetened vanilla almond milk","almond milk","","0.17073572","335","False"
"5109","Finely grated pecorino, to serve","Finely grated pecorino , to serve","grated parmesan cheese","","0.29119536","335","False"
"56","2 Tbsp. rice wine vinegar","2 Tbsp . rice wine vinegar","rice vinegar","white rice","0.13357687","25","False"
"1113","1 pound ground beef (at least 25% fat)","1 pound ground beef ( at least 25 % fat )","ground beef","75% lean ground beef","0.18714291","1","False"
"3014","3 Persian cucumbers, halved lengthwise, thinly sliced into half moons","3 Persian cucumbers , halved lengthwise , thinly sliced into half moons","slicing cucumber","","0.25825298","335","False"
"126","1 loaf ciabatta bread, 12 to 14 inches long, halved","1 loaf ciabatta bread , 12 to 14 inches long , halved","sandwich bread","","0.27031127","335","False"
"2630","Hot cooked pasta or rice","Hot cooked pasta or rice","penne","","0.2941767","335","False"
"2230","1 cup pea shoots","1 cup pea shoots","cannellini bean","","0.27174813","335","False"
"4156","1 teaspoon chopped fresh sage","1 teaspoon chopped fresh sage","ground dried sage","","0.24185553","335","False"
"182","6 ounces jicama","6 ounces jicama","daikon","","0.3368197","335","False"
"7062","1 teaspoon Sichuan peppercorns, crushed","1 teaspoon Sichuan peppercorns , crushed","ground black pepper","","0.37550023","335","False"
"8059","1 teaspoon poultry seasoning","1 teaspoon poultry seasoning","Italian seasoning","","0.2560882","335","False"
"4056","2 anchovies (, whole (or 1/2 tsp anchovy paste))","2 anchovies ( , whole ( or 1 / 2 tsp anchovy paste ) )","shallot","","0.4371202","335","False"
"3421","1/2 cup green or brown lentils","1 / 2 cup green or brown lentils","brown lentil","","0.38577557","335","False"
"954","2 teaspoons Chinese black vinegar (or young/cheap balsamic vinegar)","2 teaspoons Chinese black vinegar ( or young / UNK balsamic vinegar )","ground fennel","","0.3035683","335","False"
"1355","za'atar","za atar","ground paprika","","0.37578523","335","False"
"5421","1 teaspoon chopped fresh oregano","1 teaspoon chopped fresh oregano","dried oregano leaf","","0.2630276","335","False"
"2185","1 tablespoon gochujang, check labels for gluten-free","1 tablespoon gochujang , check UNK for gluten - free","sriracha","","0.26722002","335","False"
"1867","1/2 teaspoon prepared wasabi","1 / 2 teaspoon prepared wasabi","sriracha","","0.32696235","335","False"
"3623","6 chicken legs (drumsticks with thighs; about 3 pounds)","6 chicken legs ( drumsticks with thighs about 3 pounds )","chicken drumstick with skin","","0.24675474","335","False"
"2997","64 ounces (8 cups) low-sodium vegetable broth","64 ounces ( 8 cups ) low - sodium vegetable broth","vegetable broth","","0.2655443","335","False"
"7885","5 tablespoons low-carb sweetener (Erythritol) ((more or less to taste))","5 tablespoons low - UNK UNK ( UNK ) ( ( more or less to taste ) )","regular mayonnaise","","0.46909207","335","False"
"6444","1 tablespoon dried basil","1 tablespoon dried basil","ground dried basil","dried basil leaf","0.11142432","1","False"
"1289","1 cup cherries (frozen, pits removed)","1 cup cherries ( frozen , pits removed )","frozen mixed berry","","0.3801623","335","False"
"1766","2 1/2 ounces pecorino-Romano cheese, shaved (about 1 1/4 cups)","2 1 / 2 ounces pecorino - Romano cheese , shaved ( about 1 1 / 4 cups )","grated parmesan cheese","shredded parmesan cheese","0.24402785","4","True"
"3226","2 cups cooked quinoa (about 3/4 cup uncooked)","2 cups cooked quinoa ( about 3 / 4 cup uncooked )","macaroni","","0.40183342","335","False"
"1146","Sun Basket lemongrass paste (lemongrass - olive oil - fresh garlic - fresh ginger - turmeric)","Sun UNK lemongrass paste ( lemongrass - olive oil - fresh garlic - fresh ginger - turmeric )","fresh ginger","","0.33249626","335","False"
"4442","2 inch lotus root (renkon) ((peeled and precooked, “Renkon no Mizuni”))","2 inch lotus root ( UNK ) ( ( peeled and precooked , UNK no UNK ) )","fresh ginger","","0.38587433","335","False"
"2705","8 ounces cavatappi or other short curly pasta","8 ounces cavatappi or other short curly pasta","penne","","0.35853836","335","False"
"2384","1/4 cup tortilla strips","1 / 4 cup tortilla strips","green leaf lettuce","","0.4001806","335","False"
"264","2 dried pasilla chiles","2 dried pasilla chiles","ancho dried chili","","0.26715606","335","False"
"3336","1 tablespoon tapioca flour or flour of choice","1 tablespoon tapioca flour or flour of choice","all-purpose white flour","","0.27440408","335","False"
"4610","lettuce for your burgers","lettuce for your UNK","romaine lettuce","green leaf lettuce","0.19080237","5","False"
"189","1 teaspoon sumac","1 teaspoon sumac","cumin seed","","0.40268368","335","False"
"1460","3/4 cup apple cider","3 / 4 cup apple cider","apple cider vinegar","","0.30826303","335","False"
"3131","1/2 teaspoon garlic salt","1 / 2 teaspoon garlic salt","table salt","","0.37949556","335","False"
"6104","2 nectarines, about 1 pound, cut into 1/2-inch dice","2 nectarines , about 1 pound , cut into 1 / 2 - inch dice","kiwi","","0.24907449","335","False"
"3506","1 cup sliced shiitake mushrooms","1 cup sliced shiitake mushrooms","shiitake mushroom","","0.14844985","335","False"
"4433","2 cups chopped roasted skinless, boneless chicken breasts (about 2 breast halves)","2 cups chopped roasted skinless , boneless chicken breasts ( about 2 breast halves )","skinless chicken breast","rotisserie chicken","0.2623915","11","True"
"2291","100 g / 3.5 oz gruyere (or mozzarella cheese, or other melting cheese of choice)","100 g / 3 . 5 oz UNK ( or mozzarella cheese , or other melting cheese of choice )","shredded colby cheese","shredded gruyere cheese","0.25103754","5","False"
"3723","2 Tablespoons Vegenaise","2 Tablespoons Vegenaise","unsalted butter","","0.41184717","335","False"
"8970","1 tsp. Penzeys Pork Chop Seasoning (see notes)","1 tsp . UNK Pork UNK Seasoning ( see notes )","cajun seasoning","","0.46153522","335","False"
"863",".35 ounces instant yeast, such as SAF Instant Yeast (10g; about 2 teaspoons)",". 35 ounces instant yeast , such as SAF Instant Yeast ( 10 g about 2 teaspoons )","bread crumb","","0.41187716","335","False"
"1800","1 tablespoon spicy bean paste ((douban la jiang))","1 tablespoon spicy bean paste ( ( douban la jiang ) )","tomato paste","","0.3986131","335","False"
"4531","1 tablespoon coconut amino acids (or tamari: gluten free soy sauce)","1 tablespoon coconut UNK UNK ( or tamari gluten free soy sauce )","tamari","","0.33473182","335","False"
"8907","8 chicken drumsticks (skin removed)","8 chicken drumsticks ( skin removed )","chicken drumstick with skin","skinless chicken drumstick","0.10775044","1","False"
"1176","Israeli pickles, for serving (see note)","Israeli pickles , for serving ( see note )","fresh chive","","0.39065942","335","False"
"2576","1/2 cup Bacon bits","1 / 2 cup Bacon bits","yellow mustard","","0.35592726","335","False"
"8196","1 or 2 teaspoons chipotle powder (choose your heat level, or omit. We use 2)","1 or 2 teaspoons chipotle powder ( choose your heat level , or omit . UNK use 2 )","chili powder","","0.26859882","335","False"
"5510","4 hard boiled eggs (sliced or quartered)","4 hard boiled eggs ( sliced or quartered )","egg","","0.2952188","335","False"
"4672","1 pound baby potatoes (I used tri color)","1 pound baby potatoes ( I used tri color )","red potato","","0.31336522","335","False"
"6581","1 teaspoon marmite, vegemite, or Maggi seasoning","1 teaspoon UNK , UNK , or Maggi seasoning","regular mayonnaise","","0.45437157","335","False"
"290","2 tablespoons almond butter or peanut butter","2 tablespoons almond butter or peanut butter","peanut butter","","0.2817839","335","False"
"2066","1/4 cup Coconut Aminos","1 / 4 cup Coconut Aminos","tamari","","0.35531592","335","False"
"7576","1 Roasted Red Bell Pepper (sliced )","1 Roasted Red UNK Pepper ( sliced )","fresh red chili pepper","red bell pepper","0.29987925","60","True"
"3129","Black vinegar, for serving","Black vinegar , for serving","white vinegar","","0.3480227","335","False"
"1945","2 lbs ground lamb","2 lbs ground lamb","ground beef","","0.2901554","335","False"
"5233","Canned julienned beets (optional)","Canned julienned beets ( optional )","beets","","0.21856925","335","False"
"5156","1 ancho or chipotle chile, soaked, stemmed, seeded and minced; or 1 teaspoon good chile powder","1 ancho or chipotle chile , soaked , stemmed , seeded and minced or 1 teaspoon good chile powder","chili powder","","0.3585785","335","False"
"2745","7 whole dried Chinese red chili peppers ((optional))","7 whole dried Chinese red chili peppers ( ( optional ) )","ancho dried chili","","0.21643472","335","False"
"2794","4 tablespoon coconut aminos","4 tablespoon coconut UNK","coconut oil","","0.35491604","335","False"
"7040","4 cups mirepoix*","4 cups UNK","regular mayonnaise","","0.33241326","335","False"
"4172","4 skinless chicken thighs","4 skinless chicken thighs","boneless, skinless chicken thigh","bone-in chicken thigh with skin","0.2136497","8","True"
"5027","1 teaspooon truffle oil","1 teaspooon truffle oil","olive oil","","0.25603163","335","False"
"811","½ oz. Hazelnut Pieces","1 / 2 oz . UNK Pieces","red potato","","0.40004447","335","False"
"4723","2 tablespoons mirin (Japanese rice wine)","2 tablespoons mirin ( Japanese rice wine )","white wine","","0.2619805","335","False"
"4708","1 lb. <p>broccoli rabe, trimmed</p>","1 lb . broccoli rabe , trimmed","fresh green asparagus","","0.28680646","335","False"
"4827","1/2 cup salsa verde","1 / 2 cup salsa verde","salsa","","0.27677593","335","False"
"498","1/4 cup extra virgin olive oil","1 / 4 cup extra virgin olive oil","extra-virgin olive oil","olive oil","0.054285314","223","False"
"3113","2 lb baby potatoes","2 lb baby potatoes","red potato","","0.2708629","335","False"
"474","1 can Italian-style stewed tomatoes (chopped)","1 can Italian - style stewed tomatoes ( chopped )","crushed tomato","","0.33139876","335","False"
"4541","1 cup fresh thai basil leaves","1 cup fresh UNK basil leaves","fresh basil","","0.14649671","335","False"
"3710","2 hard boiled eggs (finely diced)","2 hard boiled eggs ( finely diced )","egg","","0.2033306","335","False"
"366","1 tsp dark soy sauce ((Note 4))","1 tsp dark soy sauce ( ( Note 4 ) )","dark soy sauce","soy sauce","0.13873069","51","False"
"4559","1/2 cup coconut water","1 / 2 cup coconut water","coconut milk","","0.26622495","335","False"
"181","2 tablespoons fried shallots – contains soy (optional)","2 tablespoons fried shallots contains soy ( optional )","shallot","","0.4442528","335","False"
"3878","few sprigs fresh tarragon or dill","few sprigs fresh tarragon or dill","fresh dill","","0.23944226","335","False"
"83","Sauce:","Sauce","pepita","","0.33685228","335","False"
"2654","fresh herbs for garnish","fresh herbs for garnish","fresh basil","","0.25825667","335","False"
"8965","1 sprig Tarragon","1 sprig Tarragon","fresh ginger","","0.28016806","335","False"
"5121","1 cup pepperoni, chopped","1 cup pepperoni , chopped","pepperoni","","0.17060429","335","False"
"6891","pickled red ginger (beni shoga or kizami beni shoga) ((Kizami Shoga) (to garnish))","pickled red ginger ( beni UNK or UNK beni UNK ) ( ( UNK UNK ) ( to garnish ) )","red raspberry","","0.35122073","335","False"
"6681","1 teaspoon amchur (dried mango powder)","1 teaspoon amchur ( dried mango powder )","garam masala","","0.27675092","335","False"
"8008","⅓ cup cooked baked beans, homemade or canned, with sauce","1 / 3 cup cooked baked beans , homemade or canned , with sauce","refried bean","","0.41804415","335","False"
"3891","1/2 bag coleslaw mix (shredded cabbage and carrots)","1 / 2 bag coleslaw mix ( shredded cabbage and carrots )","broccoli slaw mix","","0.26315606","335","False"
"1168","2 tablespoons (30ml) fresh juice from 1 lemon","2 tablespoons ( UNK ) fresh juice from 1 lemon","lemon juice","lemon","0.24539949","28","False"
"3430","1 tablespoon molasses","1 tablespoon molasses","maple syrup","","0.3262293","335","False"
"3047","8 cups unsalted vegetable stock","8 cups unsalted vegetable stock","vegetable broth","","0.19341388","335","False"
"425","1 tablespoon extra-virgin olive oil","1 tablespoon extra - virgin olive oil","extra-virgin olive oil","olive oil","0.04535059","223","False"
"8597","1 teaspoon matcha powder","1 teaspoon matcha powder","chili powder","","0.29880136","335","False"
"6032","Optional: 1/4 cup diced pickled jalapenos","Optional 1 / 4 cup diced pickled jalapenos","pickled sweet red pepper","","0.38542888","335","False"
"254","1 lemongrass stalk, chopped","1 lemongrass stalk , chopped","fresh ginger","","0.313996","335","False"
"2302","500 g / 1 lb lamb mince ((ground lamb, or beef) (Note 1))","500 g / 1 lb lamb UNK ( ( ground lamb , or beef ) ( Note 1 ) )","bay leaf","","0.4008702","335","False"
"2476","¼ cup galangal root, sliced into ⅛ thick disks, skins ok ( 2 inch piece)","1 / 4 cup galangal root , sliced into 1 / 8 thick disks , skins UNK ( 2 inch piece )","fresh ginger","","0.3304034","335","False"
"3146","1 teaspoon bacon fat or extra virgin olive oil","1 teaspoon bacon fat or extra virgin olive oil","bacon","","0.30170238","335","False"
"8913","1/4 teaspoon ground pepper","1 / 4 teaspoon ground pepper","ground black pepper","ground red pepper","0.10726814","33","False"
"1836","1/4 - 1/2 tsp maple extract","1 / 4 - 1 / 2 tsp maple extract","vanilla extract","","0.3488953","335","False"
"3221","1 teaspoon Aleppo-style pepper, plus more for serving","1 teaspoon Aleppo - style pepper , plus more for serving","green bell pepper","","0.4164877","335","False"
"8870","tabbouleh salad","UNK salad","ranch dressing mix","","0.357171","335","False"
"322","1/4 cup tortilla strips, for garnish","1 / 4 cup tortilla strips , for garnish","green leaf lettuce","","0.38609642","335","False"
"5206","¼ cup microgreens, optional","1 / 4 cup microgreens , optional","crumbled feta cheese","","0.45774257","335","False"
"2962","4 4-inch squares focaccia or similar flatbread, sliced in two horizontally","4 4 - inch squares focaccia or similar flatbread , sliced in two horizontally","sandwich bread","","0.33213645","335","False"
"4458","1 scoop vanilla protein powder or collagen peptides (see note)","1 scoop vanilla protein powder or UNK UNK ( see note )","cocoa powder","","0.2489206","335","False"
"1069","1-inch piece cinnamon","1 - inch piece cinnamon","ground cinnamon","","0.29579353","335","False"
"396","2 tbsp of coriander (finely chopped)","2 tbsp of coriander ( finely chopped )","cilantro","whole coriander seed","0.21747014","5","False"
"8347","1 pound part-skim mozzarella cheese (4 cups), shredded and divided","1 pound part - skim mozzarella cheese ( 4 cups ) , shredded and divided","low-moisture part-skim mozzarella cheese","shredded low-moisture part-skim mozzarella cheese","0.23065981","15","False"
"2326","1/2 cup Fresh fruit, such as apples, banana, strawberries sliced","1 / 2 cup Fresh fruit , such as apples , banana , strawberries sliced","blueberry","","0.4483304","335","False"
"2917","Fukujinzuke (red pickled daikon)","UNK ( red pickled daikon )","english cucumber","","0.33427352","335","False"
"7973","generous pinch saffron (optional)","generous pinch saffron ( optional )","ground oregano","","0.34549809","335","False"
"23","1 teaspoon coarsely crushed Sichuan pepper","1 teaspoon coarsely crushed Sichuan pepper","ground black pepper","","0.37793022","335","False"
"3149","1 to 2 teaspoons dry rub","1 to 2 teaspoons dry rub","honey","","0.49697173","335","False"
"8236","Sun Basket ginger sauce base (fish sauce - lime juice - sambal oelek - ginger - coconut sugar)","Sun UNK ginger sauce base ( fish sauce - lime juice - sambal oelek - ginger - coconut sugar )","lime juice","","0.34659395","335","False"
"3246","4 lettuce leaves","4 lettuce leaves","romaine lettuce","green leaf lettuce","0.11791172","5","False"
"3615","2 tablespoons (30ml) whole grain mustard","2 tablespoons ( UNK ) whole grain mustard","dijon mustard","","0.24784794","335","False"
"2801","600 g / 1.2 lb scotch fillet steak / boneless rib eye ((Note 1))","600 g / 1 . 2 lb scotch fillet steak / boneless rib eye ( ( Note 1 ) )","pork tenderloin","","0.4268145","335","False"
"2470","1/2 cup coarsely grated Gruyère cheese (about 2 1/2 ounces)","1 / 2 cup coarsely grated Gruyère cheese ( about 2 1 / 2 ounces )","shredded colby cheese","shredded gruyere cheese","0.23903842","5","False"
"4444","4 Shiso leaves (Ooba)","4 Shiso leaves ( UNK )","romaine lettuce","","0.42438456","335","False"
"864","1.125 ounces Extra Virgin olive oil (32g; about 3 tablespoons)","1 . 125 ounces Extra Virgin olive oil ( 32 g about 3 tablespoons )","extra-virgin olive oil","olive oil","0.28683096","223","False"
"5405","1 (16-ounce) jar giardiniera salad, (drained and chopped)","1 ( 16 - ounce ) jar UNK salad , ( drained and chopped )","water-packed white tuna","","0.4096229","335","False"
"2710","4 ounces Fontina cheese, grated (about 1 cup)","4 ounces Fontina cheese , grated ( about 1 cup )","gruyere cheese","","0.37457722","335","False"
"2123","1 Tbsp lemon curd","1 Tbsp lemon curd","lemon","","0.33333585","335","False"
"843","Salsa:","Salsa","pepita","","0.3447926","335","False"
"4744","Simple Thai peanut dressing (recipe below)","Simple Thai peanut dressing ( recipe below )","Caesar dressing","","0.37087458","335","False"
"5209","1/4 cup milk","1 / 4 cup milk","whole milk","1% milk","0.18787974","8","False"
"3873","1 turkish cucumber, sliced or cut into thin ribbons ( use a veggie peeler)","1 UNK cucumber , sliced or cut into thin ribbons ( use a UNK peeler )","slicing cucumber","","0.26628062","335","False"
"934","1 tsp marjoram","1 tsp marjoram","dried thyme leaf","","0.36653748","335","False"
"6523","1/3 cup gochujang (Korean chile sauce)","1 / 3 cup gochujang ( Korean chile sauce )","red enchilada sauce","","0.4099096","335","False"
"3071","2 Tbsp nutritional yeast","2 Tbsp nutritional yeast","honey","","0.4594325","335","False"
"3563","Fennel fronds or sliced scallions, or both, for serving","Fennel fronds or sliced scallions , or both , for serving","French dressing","","0.37777692","335","False"
"7150","tortilla strips","tortilla strips","green leaf lettuce","","0.3816405","335","False"
"1112","2 teaspoons dried oregano, divided","2 teaspoons dried oregano , divided","dried oregano leaf","ground oregano","0.14286554","5","False"
"1612","1-2 Tbsp protein powder of choice or hemp seeds","1 - 2 Tbsp protein powder of choice or UNK seeds","almond flour","","0.3718612","335","False"
"752","4 oz 50% reduced fat sharp cheddar, I used Cabot","4 oz 50 % reduced fat sharp cheddar , I used Cabot","84% lean ground pork","","0.44206238","335","False"
"8646","2 teaspoons chopped fresh tarragon","2 teaspoons chopped fresh tarragon","lemon zest","","0.29035908","335","False"
"2892","1 pound king oyster mushrooms ((about 3-4 mushrooms, diced into small pieces))","1 pound king oyster mushrooms ( ( about 3 - 4 mushrooms , diced into small pieces ) )","white mushroom","","0.37657553","335","False"
"856","1 Tbsp. almond butter","1 Tbsp . almond butter","almond flour","","0.29205322","335","False"
"7212","4 leaves fresh sage","4 leaves fresh sage","ground dried sage","","0.2996738","335","False"
"4823","12 ounces chicken breast tenders","12 ounces chicken breast tenders","boneless, skinless chicken thigh","","0.19292143","335","False"
"1496","1 Tbsp blackening seasoning","1 Tbsp UNK seasoning","cajun seasoning","","0.28420252","335","False"
"4654","2 large hardboiled eggs, rough chopped","2 large hardboiled eggs , rough chopped","egg","","0.19457084","335","False"
"1234","Juice of 2 lemons (about 1/4 cup)","Juice of 2 lemons ( about 1 / 4 cup )","lemon juice","lemon","0.18399829","28","False"
"1705","3 anchovy fillets (finely chopped)","3 anchovy fillets ( finely chopped )","pepperoncini","","0.43579042","335","False"
"6097","1/4 cup basil","1 / 4 cup basil","fresh basil","ground dried basil","0.19750637","9","False"
"902","8 whole wheat tortillas ((8-to-10 inch))","8 whole wheat tortillas ( ( 8 - to - 10 inch ) )","whole-wheat flour","","0.3897064","335","False"
"445","2 Mahi-Mahi Fillets","2 UNK - UNK UNK","pacific cod","","0.21713299","335","False"
"8702","tortilla chips for serving","tortilla chips for serving","flour tortilla","","0.30654126","335","False"
"3245","8 slices pumpernickel bread","8 slices pumpernickel bread","sandwich bread","","0.1389375","335","False"
"758","1 cup cooked sweet corn","1 cup cooked sweet corn","fresh corn","frozen corn","0.2890207","13","False"
"2780","1/3 cup chopped Thai basil (or sub regular basil)","1 / 3 cup chopped Thai basil ( or sub regular basil )","fresh basil","","0.24205801","335","False"
"3455","2 unit Chicken Stock Concentrate","2 UNK Chicken Stock UNK","boneless, skinless chicken thigh","","0.33885908","335","False"
"221","2 (8.8-oz.) pkg. precooked brown rice (such as Uncle Ben's)","2 ( 8 . 8 - oz . ) UNK . precooked brown rice ( such as Uncle Ben s )","cooked brown rice","brown rice","0.11134373","2","False"
"3075","1 heaping cup veggies of choice ((I like onion, tomato, mushroom, spinach))","1 heaping cup UNK of choice ( ( I like onion , tomato , mushroom , spinach ) )","low-moisture part-skim mozzarella cheese","","0.4376352","335","False"
"7722","2 bell peppers, diced (I used one red, one yellow)","2 bell peppers , diced ( I used one red , one yellow )","green bell pepper","red bell pepper","0.19571996","60","True"
"6000","2 slabs konnyaku (konjac)","2 slabs UNK ( UNK )","pacific cod","","0.33224952","335","False"
"1177","Amba sauce, for serving (see note)","UNK sauce , for serving ( see note )","barbecue sauce","","0.24303475","335","False"
"3622","3 tablespoons ghee (clarified butter) or vegetable oil","3 tablespoons ghee ( clarified butter ) or vegetable oil","unsalted butter","","0.27963433","335","False"
"3747","10 fresh marjoram leaves, chopped","10 fresh marjoram leaves , chopped","fresh spearmint","","0.34334484","335","False"
"400","6 hard shell tacos","6 hard shell tacos","bacon","","0.42201856","335","False"
"2690","3 small dry red Chinese hot peppers","3 small dry red Chinese hot peppers","fresh red chili pepper","","0.40605205","335","False"
"931","1.3 lb 99% lean ground turkey","1 . 3 lb 99 % lean ground turkey","99% lean ground turkey","ground turkey","0.10094114","16","False"
"4212","1/2 cup frozen blueberries","1 / 2 cup frozen blueberries","blueberry","","0.17340231","335","False"
"6504","1 batch orange sauce (see above)","1 batch orange sauce ( see above )","orange","","0.30103204","335","False"
"1553","1 tablespoon minced fresh sage","1 tablespoon minced fresh sage","ground dried sage","","0.2775889","335","False"
"4120","15 pre-cooked shrimp (wash and remove tails)","15 pre - cooked shrimp ( wash and remove tails )","shrimp","","0.2461717","335","False"
"6372","2 Tablespoons fresh sage ( or thyme, or rosemary)","2 Tablespoons fresh sage ( or thyme , or rosemary )","fresh thyme","","0.27533874","335","False"
"3843","4 tablespoons crumbled bacon","4 tablespoons crumbled bacon","bacon","","0.2521283","335","False"
"6415","1/4 cup apple cider","1 / 4 cup apple cider","apple cider vinegar","","0.263279","335","False"
"20","2 6-ounce mahi-mahi fillets","2 6 - ounce mahi - mahi fillets","tilapia","","0.2765237","335","False"
"2631","Minced fresh oregano, optional","Minced fresh oregano , optional","dried oregano leaf","","0.31066483","335","False"
"544","1 batch Szechuan Sauce","1 batch UNK Sauce","barbecue sauce","","0.22645766","335","False"
"8895","⅛ cup chopped fresh sage","1 / 8 cup chopped fresh sage","ground dried sage","","0.27856773","335","False"
"3989","2 lbs pork sirloin roast, cut into bite size pieces","2 lbs pork sirloin roast , cut into bite size pieces","boneless pork loin","","0.31581348","335","False"
"8991","2 tablespoons oregano leaves, roughly chopped","2 tablespoons oregano leaves , roughly chopped","dried oregano leaf","","0.25080213","335","False"
"8108","1/2 teaspoon sazon, homemade or packaged","1 / 2 teaspoon UNK , homemade or packaged","regular mayonnaise","","0.3403011","335","False"
"6276","3 tablespoons molasses","3 tablespoons molasses","maple syrup","","0.269477","335","False"
"1119","Cooked pasta, for serving","Cooked pasta , for serving","macaroni","","0.35246325","335","False"
"6390","squeeze of lemon to taste","squeeze of lemon to taste","lemon juice","lemon","0.2715721","28","False"
"1566","lemonlemon","UNK","pepita","lemon","0.0","28","False"
"8113","1/4 teaspoon dry adobo seasoning, I used Goya","1 / 4 teaspoon dry adobo seasoning , I used Goya","chipotle pepper in adobo sauce","","0.3090983","335","False"
"2913","1 box Japanese curry roux ((7 oz or 200 g) (or use my homemade curry roux recipe))","1 box Japanese curry roux ( ( 7 oz or 200 g ) ( or use my homemade curry roux recipe ) )","curry powder","","0.3180493","335","False"
"2720","1 pound boneless skinless chicken thighs (or breasts)","1 pound boneless skinless chicken thighs ( or breasts )","boneless, skinless chicken thigh","boneless chicken thigh with skin","0.0823174","1","False"
"3202","2 tablespoons mirin, (Japanese rice wine) (see Ingredient note)","2 tablespoons mirin , ( Japanese rice wine ) ( see UNK note )","white wine","","0.26708686","335","False"
"8163","Sun Basket stir-fry seasoning (coconut aminos - sesame oil - fish sauce - coconut vinegar)","Sun UNK stir - fry seasoning ( coconut UNK - sesame oil - fish sauce - coconut vinegar )","soy sauce","","0.49742842","335","False"
"4558","1 cup frozen pineapple chunks","1 cup frozen pineapple chunks","canned pineapple chunk","","0.31667018","335","False"
"7108","1 tablespoon finely chopped tarragon","1 tablespoon finely chopped tarragon","ground dried tarragon","","0.30689874","335","False"
"5276","¼ teaspoon white pepper","1 / 4 teaspoon white pepper","white pepper","ground black pepper","0.060629122","200","False"
"389","1 tablespoon file powder","1 tablespoon file powder","chili powder","","0.3128169","335","False"
"8395","Pinch of asafetida (optional, but really great)","Pinch of asafetida ( optional , but really great )","ground paprika","","0.42307034","335","False"
"4208","pineapple juice ((from the can of pineapple rings))","pineapple juice ( ( from the can of pineapple rings ) )","orange juice","","0.33704564","335","False"
"4685","1 teaspoon ancho chili powder","1 teaspoon ancho chili powder","chili powder","","0.28613225","335","False"
"5067","Pickled onion, for serving (see Tip)","Pickled onion , for serving ( see Tip )","yellow onion","","0.3052007","335","False"
"8623","1 teaspoon chopped fresh tarragon","1 teaspoon chopped fresh tarragon","lemon zest","","0.32366422","335","False"
"3562","½ cup pitted prunes, diced","1 / 2 cup pitted prunes , diced","raisin","","0.33027244","335","False"
"3782","1 teaspoon finely ground Sichuan pepper","1 teaspoon finely ground Sichuan pepper","ground black pepper","","0.27993378","335","False"
"6995","½ cup Bolthouse Farms Organic Avocado Ranch Dressing","1 / 2 cup UNK Farms UNK Avocado Ranch Dressing","Caesar dressing","ranch dressing","0.28780395","2","True"
"833","Pork:","Pork","pepita","","0.33665472","335","False"
"2063","1 lb Flat Iron steak (thinly sliced against the grain)","1 lb Flat UNK steak ( thinly sliced against the grain )","chuck steak","","0.37547195","335","False"
"3002","one 15-ounce can cut green beans, drained and rinsed (I use no-salt added)","one 15 - ounce can cut green beans , drained and rinsed ( I use no - salt added )","fresh green bean","","0.34319738","335","False"
"2244","1 1/2 tablespoons stone ground mustard","1 1 / 2 tablespoons stone ground mustard","ground mustard","","0.18446362","335","False"
"481","1 cup campenelle pasta (or whole grain rotini or elbows)","1 cup UNK pasta ( or whole grain rotini or elbows )","whole-wheat orecchiette pasta","","0.3578042","335","False"
"8050","1½ Tbsp. Gochujang Red Pepper Paste","1 1 / 2 Tbsp . Gochujang Red Pepper Paste","red enchilada sauce","","0.43585393","335","False"
"7118","1 teaspoon oregano (minced)","1 teaspoon oregano ( minced )","dried oregano leaf","","0.22785267","335","False"
"2478","8 kefir lime leaves","8 kefir lime leaves","lime","","0.35424674","335","False"
"1288","Sea salt to taste ((optional // I didn’t need any))","Sea salt to taste ( ( optional / / I UNK t need any ) )","table salt","kosher salt","0.37163883","113","True"
"2651","a spoonful of olive tapenade","a UNK of olive tapenade","pepperoncini","","0.33885607","335","False"
"8157","3 ounces button mushrooms","3 ounces button mushrooms","white mushroom","brown mushroom","0.19773766","11","False"
"166","¼ cup Fish Taco Spice Blend (Rice Flour, Ground Cumin, Chipotle Powder & Ground Mexican Oregano)","1 / 4 cup Fish UNK Spice UNK ( Rice Flour , Ground Cumin , Chipotle Powder Ground Mexican Oregano )","fish sauce","","0.36367953","335","False"
"218","1 cup unsalted vegetable stock","1 cup unsalted vegetable stock","vegetable broth","","0.21895047","335","False"
"5018","2 cups fresh shucked peas","2 cups fresh shucked peas","frozen pea","","0.25874874","335","False"
"117","3 tablespoons Pecorino Romano or Parmigiano-Reggiano cheese","3 tablespoons Pecorino Romano or Parmigiano - Reggiano cheese","grated parmesan cheese","","0.31350842","335","False"
"4525","3 tablespoons dehydrated potato flakes","3 tablespoons dehydrated potato flakes","beef broth","","0.39016187","335","False"
"5133","1 teaspoon fresh oregano, to taste","1 teaspoon fresh oregano , to taste","dried oregano leaf","","0.30113336","335","False"
"652","3 pieces red leaf lettuce","3 pieces red leaf lettuce","romaine lettuce","green leaf lettuce","0.3823613","5","False"
"6821","½ teaspoon saffron threads","1 / 2 teaspoon saffron threads","dried rubbed sage","","0.42707255","335","False"
"8722","1 oz Sliced Pickled Jalapeño Pepper","1 oz Sliced Pickled Jalapeño Pepper","fresh jalapeno pepper","","0.30008107","335","False"
"5508","1 loaf ciabatta bread (halved lengthwise)","1 loaf ciabatta bread ( halved lengthwise )","sandwich bread","","0.25850162","335","False"
"1925","1 cup shredded Gruyere cheese","1 cup shredded Gruyere cheese","shredded colby cheese","shredded gruyere cheese","0.156839","5","False"
"5103","1 tablespoon chopped tarragon","1 tablespoon chopped tarragon","lemon zest","","0.28578436","335","False"
"3992","1 (16 oz) package of frozen broccoli or 1 lb of fresh broccoli florets","1 ( 16 oz ) package of frozen broccoli or 1 lb of fresh broccoli florets","broccoli","","0.22858661","335","False"
"1870","1/2 cup store-bought seaweed salad","1 / 2 cup store - bought seaweed salad","alfalfa","","0.35881934","335","False"
"742","6 oz no-yolk noodles, Ronzoni Healthy Harvest, or brown rice pasta for gluten free","6 oz no - yolk noodles , UNK Healthy Harvest , or brown rice pasta for gluten free","egg noodle","","0.25928688","335","False"
"3282","8 whole wheat flour tortillas","8 whole wheat flour tortillas","flour tortilla","","0.23675391","335","False"
"4728","1 teaspoon mirin (Japanese rice wine)","1 teaspoon mirin ( Japanese rice wine )","white wine","","0.31177783","335","False"
"4481","1 tablespoon coconut aminos","1 tablespoon coconut UNK","coconut oil","","0.37291715","335","False"
"437","¼ cup fresh Thai basil","1 / 4 cup fresh Thai basil","fresh basil","","0.18694","335","False"
"959","2 teaspoons low-sodium soy sauce","2 teaspoons low - sodium soy sauce","low-sodium soy sauce","","0.03351864","335","False"
"7684","1 tablespoon cold vegetable shortening","1 tablespoon cold vegetable shortening","vegetable oil","","0.31832874","335","False"
"4170","1/8 teaspoon saffron powder (or 1/4 teaspoon saffron threads (see Note))","1 / 8 teaspoon saffron powder ( or 1 / 4 teaspoon saffron threads ( see Note ) )","ground cardamom","","0.33249372","335","False"
"2115","3/4 cup Sabra mango peach salsa","3 / 4 cup Sabra mango peach salsa","mango","","0.3247179","335","False"
"4450","2 Tbsp mirin","2 Tbsp mirin","white wine","","0.2650175","335","False"
"1070","2 cloves","2 cloves","shallot","","0.29840207","335","False"
"6960","1 tablespoon Emeril’s Essence Creole Seasoning","1 tablespoon Emeril s Essence Creole Seasoning","hamburger bun","","0.40096983","335","False"
"495","2 Persian cucumbers, diced","2 Persian cucumbers , diced","slicing cucumber","","0.24791503","335","False"
"231","2 unit Persian Cucumber","2 UNK Persian Cucumber","english cucumber","","0.33971116","335","False"
"6620","A small handful of dried lily flowers (yields 1/2 cup after rehydration) ((Optional))","A small handful of dried lily flowers ( yields 1 / 2 cup after UNK ) ( ( Optional ) )","dry-roasted pistachio","","0.33243698","335","False"
"3875","8 ounces Dungeness crab ( or sub cooked shrimp, or smoked salmon or lox)","8 ounces Dungeness crab ( or sub cooked shrimp , or smoked salmon or lox )","turkey bacon","","0.28513303","335","False"
"4786","leaves from 1 bunch of Thai basil (about 2 cups, lightly-packed)","leaves from 1 bunch of Thai basil ( about 2 cups , lightly - packed )","fresh basil","","0.24078247","335","False"
"6454","2 pickled jalapeños, finely chopped","2 pickled jalapeños , finely chopped","salsa","","0.45257896","335","False"
"3731","1 cup frozen pearl onions","1 cup frozen pearl onions","yellow onion","","0.39979047","335","False"
"5100","1 cup oregano leaves","1 cup oregano leaves","dried oregano leaf","","0.22531882","335","False"
"595","1/2 cup carrot juice","1 / 2 cup carrot juice","carrot","","0.4087502","335","False"
"1175","4 hard-boiled eggs, peeled and sliced","4 hard - boiled eggs , peeled and sliced","egg","","0.3175","335","False"
"3938","1/2 cup white bread torn into small pieces","1 / 2 cup white bread torn into small pieces","oil-packed white tuna","","0.37097183","335","False"
"8173","2 tablespoons chopped assorted herbs","2 tablespoons chopped assorted herbs","Italian seasoning","","0.42174527","335","False"
"8871","garlic sauce","garlic sauce","chili garlic sauce","","0.2663492","335","False"
"2664","black sesame seeds for garnish","black sesame seeds for garnish","hulled white sesame seed","","0.21952409","335","False"
"2931","4 ounces fresh grated Gouda","4 ounces fresh grated Gouda","provolone cheese slice","","0.30048883","335","False"
"3222","12 ounces paccheri, ziti, or other large tube pasta","12 ounces paccheri , ziti , or other large tube pasta","ziti","","0.22832227","335","False"
"7032","1 teaspoon dill pickle juice","1 teaspoon dill pickle juice","dill pickle","","0.40769112","335","False"
"6630","1/4 teaspoon sea salt ((Optional) (*footnote 1))","1 / 4 teaspoon sea salt ( ( Optional ) ( UNK 1 ) )","table salt","kosher salt","0.32104868","113","True"
"4736","½ cup spiralized zucchini","1 / 2 cup UNK zucchini","zucchini","zucchini noodle","0.19530562","2","False"
"278","3 tablespoons extra-virgin olive oil","3 tablespoons extra - virgin olive oil","extra-virgin olive oil","olive oil","0.07058911","223","False"
"5172","Yakitori dipping sauce base (coconut aminos - coconut vinegar - maple syrup)","UNK dipping sauce base ( coconut UNK - coconut vinegar - maple syrup )","white vinegar","","0.41102937","335","False"
"3776","1 tablespoon fermented spicy broad bean paste (doubanjiang)","1 tablespoon fermented spicy broad bean paste ( doubanjiang )","mung bean sprouts","","0.44954538","335","False"
"3190","1 recipe Basil Vinaigrette","1 recipe Basil Vinaigrette","taco seasoning","","0.37860632","335","False"
"1879","1 oz grated Gruyere cheese, omit for Whole 30","1 oz grated Gruyere cheese , omit for Whole 30","shredded colby cheese","shredded gruyere cheese","0.28533274","5","False"
"6246","2 cups cooked quinoa","2 cups cooked quinoa","macaroni","","0.35802472","335","False"
"393","1/2 lime (juiced)","1 / 2 lime ( juiced )","lime juice","lime","0.16258854","24","False"
"809","1½ oz. Tamarind Concentrate","1 1 / 2 oz . UNK UNK","firm tofu","","0.40590167","335","False"
"2657","1 hard cooked egg (halved)","1 hard cooked egg ( halved )","egg","","0.24903414","335","False"
"3844","6 tablespoons mushroom ragoût","6 tablespoons mushroom ragoût","white mushroom","","0.28007662","335","False"
"3065","6 sage leaves or 1 tablespoon fresh thyme","6 sage leaves or 1 tablespoon fresh thyme","fresh thyme","","0.26155627","335","False"
"75","Chicken:","Chicken","pepita","","0.33876783","335","False"
"3176","2 cans green beans, drained","2 cans green beans , drained","fresh green bean","","0.37559608","335","False"
"2103","4 oz. lo mein noodles","4 oz . lo mein noodles","soba noodle","","0.2570062","335","False"
"8792","2 tablespoons rice wine vinegar","2 tablespoons rice wine vinegar","rice vinegar","white rice","0.12060119","25","False"
"3826","1 cup unsalted vegetable stock","1 cup unsalted vegetable stock","vegetable broth","","0.21895047","335","False"
"4322","3 cups cooked lentils (I used green lentils because they told their shape after being cooked)","3 cups cooked lentils ( I used green lentils because they UNK their shape after being cooked )","macaroni","","0.421336","335","False"
"2257","1 (3-inch) stalk lemongrass, halved lengthwise","1 ( 3 - inch ) stalk lemongrass , halved lengthwise","fresh ginger","","0.311848","335","False"
"4554","2 ounces pecorino Romano cheese, shredded (1/2 cup)","2 ounces pecorino Romano cheese , shredded ( 1 / 2 cup )","grated parmesan cheese","","0.33778027","335","False"
"2167","Campbell’s Tomato Soup (for serving; optional)","Campbell s Tomato Soup ( for serving optional )","pickle relish","","0.43979827","335","False"
"2896","1 teaspoon Sichuan peppercorns","1 teaspoon Sichuan peppercorns","fresh habanero pepper","","0.42999363","335","False"
"2653","a handful of watercress","a handful of watercress","iceberg lettuce","","0.35329324","335","False"
"1104","1/3 cup buttermilk, plus more as needed","1 / 3 cup buttermilk , plus more as needed","unsalted butter","","0.40876776","335","False"
"4007","1 whole clove","1 whole clove","shallot","","0.30067503","335","False"
"914","1 (3-inch) cinnamon stick","1 ( 3 - inch ) cinnamon stick","ground cinnamon","","0.36176622","335","False"
"8814","Cooked rice, for serving","Cooked rice , for serving","cooked white rice","white rice","0.14520714","25","False"
"7058","Granola","UNK","pepita","","0.0","335","False"
"1852","4 cups (1 litre) chicken broth (, low sodium)","4 cups ( 1 UNK ) chicken broth ( , low sodium )","chicken broth","low-sodium chicken broth","0.21130475","26","False"
"7310","1/2 cup finely crushed tortilla chips (crushed in resealable plastic bag with mallet)","1 / 2 cup finely crushed tortilla chips ( crushed in UNK plastic bag with mallet )","flour tortilla","","0.39618507","335","False"
"4591","1 5-inch lemongrass stalk, tough outer layers removed, finely chopped (about 2 tablespoons)","1 5 - inch lemongrass stalk , tough outer layers removed , finely chopped ( about 2 tablespoons )","fresh ginger","","0.33453798","335","False"
"3531","1 lime","1 lime","lime","lime juice","0.07752189","71","False"
"4687","4 taco shells or small tortillas, (corn or flour)","4 taco shells or small tortillas , ( corn or flour )","taco seasoning","","0.29184088","335","False"
"4389","2 tablespoons coconut aminos","2 tablespoons coconut UNK","white sugar","","0.38698882","335","False"
"370","3 kaffir lime leaves or 1 lemongrass (, white part only, smashed to burst open (Note 5))","3 kaffir lime leaves or 1 lemongrass ( , white part only , smashed to UNK open ( Note 5 ) )","lime","","0.41067457","335","False"
"861","22.5 ounces bread flour, plus more for dusting (630g; about 4 1/2 cups)","22 . 5 ounces bread flour , plus more for dusting ( UNK g about 4 1 / 2 cups )","bread crumb","","0.28678048","335","False"
"3280","1-3 tablespoons tequila (I used 1)","1 - 3 tablespoons tequila ( I used 1 )","lime juice","","0.28310293","335","False"
"7018","2 tablespoons fermented black beans ((rinsed))","2 tablespoons fermented black beans ( ( rinsed ) )","black bean","","0.2851962","335","False"
"5261","1 tablespoon milk","1 tablespoon milk","whole milk","1% milk","0.16897237","8","True"
"3679","Carrot ginger dressing*","Carrot ginger dressing","beets","","0.38579324","335","False"
"724","4 tablespoons sherry vinegar or cider vinegar","4 tablespoons sherry vinegar or cider vinegar","red wine vinegar","","0.19440575","335","False"
"4735","½ cup cooked quinoa, cold or room temperature","1 / 2 cup cooked quinoa , cold or room temperature","macaroni","","0.39090842","335","False"
"6320","3 tablespoons plus 2 teaspoons kosher salt","3 tablespoons plus 2 teaspoons kosher salt","kosher salt","table salt","0.10811602","208","False"
"7183","1/4 cup of buttermilk (extra if desired)","1 / 4 cup of buttermilk ( extra if desired )","cream cheese","","0.42618078","335","False"
"5022","1 teaspoon white truffle oil","1 teaspoon white truffle oil","sesame oil","","0.26497173","335","False"
"6940","1 teaspoon Red Chile Paste (or A Few Dashes Red Chile Oil)","1 teaspoon Red Chile Paste ( or A Few Dashes Red Chile Oil )","red curry paste","","0.37362537","335","False"
"1292","1/8 teaspoon almond extract","1 / 8 teaspoon almond extract","almond flour","","0.3125716","335","False"
"868","½ cup Jasmine Rice","1 / 2 cup UNK Rice","white rice","","0.20922692","335","False"
"6914","Blackened seasoning to taste","UNK seasoning to taste","cajun seasoning","","0.28140157","335","False"
"7089","1 cup enchilada sauce**","1 cup UNK sauce","barbecue sauce","red enchilada sauce","0.15336078","4","False"
"6818","1/8 teaspoon pumpkin pie spice","1 / 8 teaspoon pumpkin pie spice","medjool date","","0.30680865","335","False"
"3255","3 teaspoons Carlini Ghee Clarified Butter","3 teaspoons UNK UNK Clarified Butter","unsalted butter","","0.2755739","335","False"
"926","Cooked basmati rice or flatbread, for serving (optional)","Cooked basmati rice or flatbread , for serving ( optional )","white rice","","0.24508935","335","False"
"5028","1 tablespoon fresh tarragon","1 tablespoon fresh tarragon","lemon zest","","0.29503456","335","False"
"6889","1-2 packs katsuobushi (dried bonito flakes) ((3-6 g, as much as you like))","1 - 2 UNK UNK ( dried bonito flakes ) ( ( 3 - 6 g , as much as you like ) )","pacific cod","","0.50213987","335","False"
"6477","3 cups cooked quinoa and/or brown rice (see notes)","3 cups cooked quinoa and / or brown rice ( see notes )","cooked white rice","","0.33568954","335","False"
"5034","borage flowers or pea flowers for garnishing ( optional but pretty)","borage flowers or pea flowers for garnishing ( optional but UNK )","fresh spearmint","","0.3675519","335","False"
"791","2 teaspoons extra-virgin olive oil","2 teaspoons extra - virgin olive oil","extra-virgin olive oil","olive oil","0.048751533","223","False"
"4992","1 Turkish cucumber","1 Turkish cucumber","english cucumber","","0.23105237","335","False"
"3262","1/4 cup tequila","1 / 4 cup tequila","lime","","0.3382029","335","False"
"3214","1 smoked ham hock, about 11 ounces (assuming 4 ounces meat removing bone and skin)","1 smoked ham hock , about 11 ounces ( UNK 4 ounces meat removing bone and skin )","ham","","0.32001883","335","False"
"456","BBQ Chickpea ""Nuts""","UNK UNK UNK","pepita","","0.3583006","335","False"
"2127","1 cup frozen chopped onions (from a 12-oz bag) such as Ore Ida brand","1 cup frozen chopped onions ( from a 12 - oz bag ) such as UNK Ida brand","yellow onion","","0.4005367","335","False"
"1834","3 Tbsp vanilla protein powder","3 Tbsp vanilla protein powder","cocoa powder","","0.24862795","335","False"
"4962","1/3 cup gochujang Korean paste, Mother in Law's preferred brand","1 / 3 cup gochujang Korean paste , Mother in UNK s preferred brand","red curry paste","","0.37891006","335","False"
"3511","3 tablespoons mirin","3 tablespoons mirin","white wine","","0.24967745","335","False"
"6466","1 batch Carrot Ginger Dressing (see below)","1 batch Carrot Ginger Dressing ( see below )","Italian dressing","","0.45040417","335","False"
"418","2 (8-oz.) pkg. precooked quinoa","2 ( 8 - oz . ) UNK . precooked quinoa","macaroni","","0.37273952","335","False"
"704","½ small red or white onion, finely chopped","1 / 2 small red or white onion , finely chopped","white onion","red onion","0.17519686","67","False"
"4326","1 teaspoon finely chopped fresh sage","1 teaspoon finely chopped fresh sage","ground dried sage","","0.24110177","335","False"
"258","1 Persian cucumber, sliced","1 Persian cucumber , sliced","english cucumber","","0.24477157","335","False"
"4443","2 king oyster mushrooms (eringi)","2 king oyster mushrooms ( UNK )","white mushroom","","0.25668126","335","False"
"5402","4 ounces sliced sopressata, (chopped)","4 ounces sliced UNK , ( chopped )","tilapia","","0.43026775","335","False"
