"12","ounces","peeled","and","deveined","medium","shrimp"
"12","ounces","peeled","and","deveined","medium","shrimp"
"B-QTY","B-UNIT","B-COMMENT","I-COMMENT","I-COMMENT","I-COMMENT","B-NAME"
"B-QTY","B-UNIT","B-COMMENT","I-COMMENT","I-COMMENT","B-NAME","I-NAME"


"6","sesame","seed","hamburger","buns"
"6","sesame","seed","hamburger","buns"
"B-QTY","B-NAME","B-UNIT","B-NAME","I-NAME"
"B-QTY","B-NAME","I-NAME","I-NAME","I-NAME"


"1","frozen","puff","pastry","sheet","(","thawed",")"
"1","frozen","puff","pastry","sheet","(","thawed",")"
"B-QTY","B-NAME","I-NAME","I-NAME","B-UNIT","OTHER","B-COMMENT","OTHER"
"B-QTY","B-NAME","I-NAME","I-NAME","I-NAME","OTHER","B-COMMENT","OTHER"


"Cooked","white","rice",",","Little","Gem","lettuce","leaves",",","sliced","cucumber","or","julienned","carrot",",","lime","wedges",",","mint","or","basil","sprigs",",","and","toasted","sesame","seeds","(","for","serving",")"
"Cooked","white","rice",",","Little","Gem","lettuce","leaves",",","sliced","cucumber","or","julienned","carrot",",","lime","wedges",",","mint","or","basil","sprigs",",","and","toasted","sesame","seeds","(","for","serving",")"
"B-COMMENT","B-NAME","I-NAME","I-COMMENT","I-COMMENT","I-COMMENT","I-COMMENT","I-NAME","OTHER","I-COMMENT","B-NAME","I-COMMENT","I-COMMENT","B-NAME","OTHER","B-NAME","I-NAME","OTHER","B-NAME","OTHER","B-NAME","I-NAME","OTHER","OTHER","B-NAME","I-NAME","I-NAME","OTHER","B-COMMENT","I-COMMENT","OTHER"
"B-COMMENT","B-NAME","I-NAME","OTHER","B-NAME","I-NAME","I-NAME","B-UNIT","OTHER","B-COMMENT","B-NAME","I-COMMENT","I-COMMENT","I-COMMENT","OTHER","B-NAME","B-UNIT","OTHER","B-NAME","B-COMMENT","I-COMMENT","B-UNIT","OTHER","OTHER","B-NAME","I-NAME","I-NAME","OTHER","B-COMMENT","I-COMMENT","OTHER"


"BBQ","Chickpea","Nuts"
"BBQ","Chickpea","Nuts"
"B-NAME","I-NAME","OTHER"
"B-NAME","I-NAME","I-NAME"


"1","/","2","cup","finely","chopped","basil","and","parsley",",","plus","basil","leaves","for","serving"
"1","/","2","cup","finely","chopped","basil","and","parsley",",","plus","basil","leaves","for","serving"
"B-QTY","I-QTY","I-QTY","B-UNIT","B-COMMENT","I-COMMENT","B-NAME","OTHER","I-NAME","I-COMMENT","I-COMMENT","I-COMMENT","I-COMMENT","I-COMMENT","I-COMMENT"
"B-QTY","I-QTY","I-QTY","B-UNIT","B-COMMENT","I-COMMENT","B-NAME","OTHER","B-NAME","I-COMMENT","I-COMMENT","I-COMMENT","I-COMMENT","I-COMMENT","I-COMMENT"


"1","/","2","to","1","teaspoon","harissa","or","dried","red","chile","flakes",",","plus","more","for","serving"
"1","/","2","to","1","teaspoon","harissa","or","dried","red","chile","flakes",",","plus","more","for","serving"
"B-QTY","I-QTY","I-QTY","OTHER","B-QTY","B-UNIT","B-NAME","B-COMMENT","I-COMMENT","I-COMMENT","I-NAME","I-NAME","I-COMMENT","I-COMMENT","I-COMMENT","I-COMMENT","I-COMMENT"
"B-QTY","I-QTY","I-QTY","OTHER","B-QTY","B-UNIT","B-NAME","B-COMMENT","I-COMMENT","I-COMMENT","I-COMMENT","I-COMMENT","I-COMMENT","I-COMMENT","I-COMMENT","I-COMMENT","I-COMMENT"


"3","-","4","smashed","and","rough","chopped","garlic","cloves"
"3","-","4","smashed","and","rough","chopped","garlic","cloves"
"B-QTY","OTHER","B-QTY","B-COMMENT","I-COMMENT","I-COMMENT","I-COMMENT","B-NAME","I-UNIT"
"B-QTY","OTHER","B-QTY","B-COMMENT","I-COMMENT","I-COMMENT","I-COMMENT","B-NAME","B-UNIT"


"2","cans","tuna","(","5","to","6","ounce","cans",")"
"2","cans","tuna","(","5","to","6","ounce","cans",")"
"B-QTY","B-UNIT","B-NAME","OTHER","I-UNIT","I-UNIT","I-UNIT","I-UNIT","I-UNIT","OTHER"
"B-QTY","B-UNIT","B-NAME","OTHER","B-COMMENT","I-COMMENT","I-COMMENT","I-COMMENT","I-COMMENT","OTHER"


"4","(","2","-","oz",".",")","whole","-","wheat","hoagie","rolls",",","split"
"4","(","2","-","oz",".",")","whole","-","wheat","hoagie","rolls",",","split"
"B-QTY","OTHER","B-UNIT","I-UNIT","I-UNIT","OTHER","OTHER","B-NAME","I-NAME","I-NAME","I-NAME","I-NAME","OTHER","B-COMMENT"
"B-QTY","OTHER","B-UNIT","I-UNIT","I-UNIT","OTHER","OTHER","I-NAME","I-NAME","I-NAME","I-NAME","I-NAME","OTHER","B-COMMENT"


"for","garnish","cilantro","sprigs",",","cotija","cheese","(","optional","leave","out","for","vegan",")","and","avocado"
"for","garnish","cilantro","sprigs",",","cotija","cheese","(","optional","leave","out","for","vegan",")","and","avocado"
"B-COMMENT","I-COMMENT","B-NAME","I-NAME","OTHER","B-NAME","I-NAME","OTHER","I-COMMENT","I-COMMENT","I-COMMENT","I-COMMENT","I-COMMENT","OTHER","OTHER","B-NAME"
"B-COMMENT","I-COMMENT","B-NAME","I-NAME","OTHER","B-NAME","I-NAME","I-COMMENT","I-COMMENT","I-COMMENT","I-COMMENT","I-COMMENT","I-COMMENT","I-COMMENT","OTHER","B-NAME"


"12","ounces","peeled","and","deveined","medium","shrimp"
"12","ounces","peeled","and","deveined","medium","shrimp"
"B-QTY","B-UNIT","B-COMMENT","I-COMMENT","I-COMMENT","I-COMMENT","B-NAME"
"B-QTY","B-UNIT","B-COMMENT","I-COMMENT","I-COMMENT","B-NAME","I-NAME"


"(","optional","1","-","2","teaspoons","sriracha",",","added","to","taste",")"
"(","optional","1","-","2","teaspoons","sriracha",",","added","to","taste",")"
"OTHER","OTHER","B-QTY","OTHER","B-QTY","B-UNIT","B-NAME","OTHER","B-COMMENT","I-COMMENT","I-COMMENT","OTHER"
"OTHER","B-COMMENT","B-QTY","OTHER","B-QTY","B-UNIT","B-NAME","I-COMMENT","I-COMMENT","I-COMMENT","I-COMMENT","OTHER"


"1","tablespoon","plus","2","teaspoons","sesame","oil",",","divided"
"1","tablespoon","plus","2","teaspoons","sesame","oil",",","divided"
"B-QTY","B-UNIT","OTHER","B-QTY","B-UNIT","B-NAME","I-NAME","OTHER","B-COMMENT"
"B-QTY","B-UNIT","OTHER","B-UNIT","I-UNIT","B-NAME","I-NAME","OTHER","B-COMMENT"


"1","cup","shredded","lettuce"
"1","cup","shredded","lettuce"
"B-QTY","B-UNIT","B-COMMENT","B-NAME"
"B-QTY","B-UNIT","B-COMMENT","I-NAME"


"freshly","-","cracked","black","pepper"
"freshly","-","cracked","black","pepper"
"OTHER","OTHER","OTHER","I-NAME","I-NAME"
"OTHER","OTHER","B-NAME","I-NAME","I-NAME"


"diced","tomatoes"
"diced","tomatoes"
"B-COMMENT","B-NAME"
"B-NAME","I-NAME"


"3","/","4","cup","low","-","fat","or","whole","-","milk","Greek","yogurt"
"3","/","4","cup","low","-","fat","or","whole","-","milk","Greek","yogurt"
"B-QTY","I-QTY","I-QTY","B-UNIT","B-NAME","I-NAME","I-NAME","B-COMMENT","I-COMMENT","I-COMMENT","I-COMMENT","I-COMMENT","I-NAME"
"B-QTY","I-QTY","I-QTY","B-UNIT","B-NAME","I-NAME","I-NAME","B-COMMENT","I-COMMENT","I-COMMENT","I-COMMENT","I-NAME","I-NAME"


"12","ounces","boneless","beef","sirloin","steak",",","thinly","sliced","across","the","grain","(","see","Tip",")"
"12","ounces","boneless","beef","sirloin","steak",",","thinly","sliced","across","the","grain","(","see","Tip",")"
"B-QTY","B-UNIT","B-NAME","I-NAME","I-NAME","I-NAME","OTHER","B-COMMENT","I-COMMENT","I-COMMENT","I-COMMENT","I-COMMENT","OTHER","OTHER","OTHER","I-COMMENT"
"B-QTY","B-UNIT","B-NAME","I-NAME","I-NAME","I-NAME","OTHER","B-COMMENT","I-COMMENT","I-COMMENT","I-COMMENT","I-COMMENT","OTHER","OTHER","OTHER","OTHER"


"for","garnish","cilantro","sprigs",",","cotija","cheese","(","optional","leave","out","for","vegan",")","and","avocado"
"for","garnish","cilantro","sprigs",",","cotija","cheese","(","optional","leave","out","for","vegan",")","and","avocado"
"B-COMMENT","I-COMMENT","B-NAME","I-NAME","OTHER","B-NAME","I-NAME","OTHER","I-COMMENT","I-COMMENT","I-COMMENT","I-COMMENT","I-COMMENT","OTHER","OTHER","B-NAME"
"B-COMMENT","I-COMMENT","B-NAME","I-NAME","OTHER","B-NAME","I-NAME","I-COMMENT","I-COMMENT","I-COMMENT","I-COMMENT","I-COMMENT","I-COMMENT","I-COMMENT","OTHER","B-NAME"


"2","leaves","bay"
"2","leaves","bay"
"B-QTY","B-UNIT","B-NAME"
"B-QTY","I-NAME","B-NAME"


"2","tablespoons","to","1","/","4","cup","fresh","lemon","juice",",","to","taste","(","about","1","to","2","medium","lemons",",","juiced",")"
"2","tablespoons","to","1","/","4","cup","fresh","lemon","juice",",","to","taste","(","about","1","to","2","medium","lemons",",","juiced",")"
"B-QTY","B-UNIT","OTHER","B-QTY","I-QTY","I-QTY","B-UNIT","OTHER","B-NAME","I-NAME","OTHER","B-COMMENT","I-COMMENT","I-COMMENT","I-COMMENT","I-COMMENT","I-COMMENT","B-QTY","I-COMMENT","I-COMMENT","I-COMMENT","I-COMMENT","I-COMMENT"
"B-QTY","B-UNIT","OTHER","B-QTY","I-QTY","I-QTY","B-UNIT","OTHER","B-NAME","I-NAME","OTHER","B-COMMENT","I-COMMENT","I-COMMENT","I-COMMENT","I-COMMENT","I-COMMENT","I-COMMENT","I-COMMENT","I-COMMENT","I-COMMENT","I-COMMENT","I-COMMENT"


"1","package","gluten","-","free","pasta","(","12","ounce","bag",")",",","cooked","according","to","package","instructions"
"1","package","gluten","-","free","pasta","(","12","ounce","bag",")",",","cooked","according","to","package","instructions"
"B-QTY","B-UNIT","B-NAME","I-NAME","I-NAME","I-NAME","OTHER","B-UNIT","I-UNIT","I-UNIT","OTHER","OTHER","B-COMMENT","I-COMMENT","I-COMMENT","I-COMMENT","I-COMMENT"
"B-QTY","B-UNIT","B-NAME","I-NAME","I-NAME","I-NAME","OTHER","B-COMMENT","I-COMMENT","I-COMMENT","OTHER","I-COMMENT","I-COMMENT","I-COMMENT","I-COMMENT","I-COMMENT","I-COMMENT"


"1","teaspoon","white","ground","pepper"
"1","teaspoon","white","ground","pepper"
"B-QTY","B-UNIT","B-NAME","I-NAME","I-NAME"
"B-QTY","B-UNIT","B-NAME","I-NAME","B-NAME"


"1","/","2","frozen","banana","(","(","peeled","before","freezing",")",")"
"1","/","2","frozen","banana","(","(","peeled","before","freezing",")",")"
"B-QTY","I-QTY","I-QTY","B-NAME","I-NAME","OTHER","OTHER","B-COMMENT","I-COMMENT","I-COMMENT","OTHER","OTHER"
"B-QTY","I-QTY","I-QTY","B-COMMENT","B-NAME","OTHER","I-COMMENT","I-COMMENT","I-COMMENT","I-COMMENT","I-COMMENT","OTHER"


"1","Tbsp","honey"
"1","Tbsp","honey"
"B-QTY","B-UNIT","B-NAME"
"B-QTY","B-UNIT","I-NAME"


"1","1","/","2","cups","unsalted","chicken","stock"
"1","1","/","2","cups","unsalted","chicken","stock"
"B-QTY","I-QTY","I-QTY","I-QTY","B-UNIT","B-NAME","I-NAME","I-NAME"
"B-QTY","I-QTY","I-QTY","I-QTY","B-UNIT","B-NAME","B-NAME","I-NAME"


"1","tablespoon","lemon","zest",",","plus","1","tablespoon","juice","(","from","1","lemon",")"
"1","tablespoon","lemon","zest",",","plus","1","tablespoon","juice","(","from","1","lemon",")"
"B-QTY","B-UNIT","B-NAME","I-NAME","OTHER","OTHER","B-QTY","B-UNIT","B-NAME","I-COMMENT","I-COMMENT","I-COMMENT","I-COMMENT","OTHER"
"B-QTY","B-UNIT","B-NAME","I-NAME","OTHER","B-COMMENT","I-COMMENT","I-COMMENT","I-COMMENT","OTHER","I-COMMENT","B-QTY","B-NAME","I-COMMENT"


"2","Tbsp","natural","salted","peanut","butter","or","almond","butter","(","(","creamy","or","crunchy","/","/","or","sub","other","nut","or","seed","butter",")",")"
"2","Tbsp","natural","salted","peanut","butter","or","almond","butter","(","(","creamy","or","crunchy","/","/","or","sub","other","nut","or","seed","butter",")",")"
"B-QTY","B-UNIT","B-NAME","I-NAME","I-NAME","I-NAME","B-COMMENT","I-COMMENT","I-COMMENT","OTHER","I-COMMENT","I-COMMENT","I-COMMENT","I-COMMENT","OTHER","OTHER","I-COMMENT","I-COMMENT","I-COMMENT","I-COMMENT","I-COMMENT","I-COMMENT","I-COMMENT","I-COMMENT","OTHER"
"B-QTY","B-UNIT","B-NAME","I-NAME","I-NAME","I-NAME","B-COMMENT","I-COMMENT","I-COMMENT","OTHER","I-COMMENT","I-COMMENT","I-COMMENT","I-COMMENT","I-COMMENT","I-COMMENT","I-COMMENT","I-COMMENT","I-COMMENT","I-COMMENT","I-COMMENT","I-COMMENT","I-COMMENT","I-COMMENT","OTHER"


"8","chicken","tenderloins",",","18","oz","total"
"8","chicken","tenderloins",",","18","oz","total"
"B-QTY","B-NAME","I-NAME","OTHER","B-COMMENT","I-COMMENT","OTHER"
"B-QTY","B-NAME","I-NAME","OTHER","B-COMMENT","I-COMMENT","I-COMMENT"


"1","package","gluten","-","free","pasta","(","12","ounce","bag",")",",","cooked","according","to","package","instructions"
"1","package","gluten","-","free","pasta","(","12","ounce","bag",")",",","cooked","according","to","package","instructions"
"B-QTY","B-UNIT","B-NAME","I-NAME","I-NAME","I-NAME","OTHER","B-UNIT","I-UNIT","I-UNIT","OTHER","OTHER","B-COMMENT","I-COMMENT","I-COMMENT","I-COMMENT","I-COMMENT"
"B-QTY","B-UNIT","B-NAME","I-NAME","I-NAME","I-NAME","OTHER","B-COMMENT","I-COMMENT","I-COMMENT","OTHER","I-COMMENT","I-COMMENT","I-COMMENT","I-COMMENT","I-COMMENT","I-COMMENT"


"12","ounces","peeled","and","deveined","medium","shrimp"
"12","ounces","peeled","and","deveined","medium","shrimp"
"B-QTY","B-UNIT","B-COMMENT","I-COMMENT","I-COMMENT","I-COMMENT","B-NAME"
"B-QTY","B-UNIT","B-COMMENT","I-COMMENT","I-COMMENT","B-NAME","I-NAME"


"3","cups","cooked","lentils","(","I","used","green","lentils","because","they","told","their","shape","after","being","cooked",")"
"3","cups","cooked","lentils","(","I","used","green","lentils","because","they","told","their","shape","after","being","cooked",")"
"B-QTY","B-UNIT","B-COMMENT","B-NAME","I-COMMENT","I-COMMENT","I-COMMENT","I-COMMENT","I-COMMENT","I-COMMENT","I-COMMENT","I-COMMENT","I-COMMENT","I-COMMENT","I-COMMENT","I-COMMENT","I-COMMENT","I-COMMENT"
"B-QTY","B-UNIT","I-UNIT","B-NAME","OTHER","B-COMMENT","I-COMMENT","I-COMMENT","I-COMMENT","I-COMMENT","I-COMMENT","I-COMMENT","I-COMMENT","I-COMMENT","I-COMMENT","I-COMMENT","I-COMMENT","OTHER"


"600","g","/","21","oz","canned","chickpeas","(",",","drained","and","rinsed","(","1",".","5","standard","cans",",","Note","2",")",")"
"600","g","/","21","oz","canned","chickpeas","(",",","drained","and","rinsed","(","1",".","5","standard","cans",",","Note","2",")",")"
"B-QTY","B-UNIT","OTHER","B-QTY","B-UNIT","B-NAME","I-NAME","OTHER","OTHER","B-COMMENT","I-COMMENT","I-COMMENT","OTHER","OTHER","OTHER","I-COMMENT","I-COMMENT","I-COMMENT","OTHER","OTHER","OTHER","OTHER","OTHER"
"B-QTY","B-UNIT","OTHER","B-QTY","B-UNIT","B-NAME","I-NAME","OTHER","OTHER","B-COMMENT","I-COMMENT","I-COMMENT","I-COMMENT","I-COMMENT","I-COMMENT","I-COMMENT","I-COMMENT","I-COMMENT","OTHER","OTHER","OTHER","I-COMMENT","OTHER"


"2","Cups","diced","tomatoes","(","or","one","1","can","diced",")"
"2","Cups","diced","tomatoes","(","or","one","1","can","diced",")"
"B-QTY","B-UNIT","B-COMMENT","B-NAME","I-COMMENT","I-COMMENT","I-COMMENT","I-COMMENT","I-COMMENT","I-COMMENT","I-COMMENT"
"B-QTY","B-UNIT","B-NAME","I-NAME","OTHER","B-COMMENT","I-COMMENT","I-COMMENT","I-COMMENT","I-COMMENT","OTHER"


"Lime","wedges",",","for","serving"
"Lime","wedges",",","for","serving"
"B-NAME","I-NAME","OTHER","B-COMMENT","I-COMMENT"
"B-NAME","B-UNIT","OTHER","B-COMMENT","I-COMMENT"


"optional","toppings","thinly","-","sliced","green","onions",",","toasted","sesame","seeds",",","extra","crushed","red","pepper","flakes"
"optional","toppings","thinly","-","sliced","green","onions",",","toasted","sesame","seeds",",","extra","crushed","red","pepper","flakes"
"OTHER","OTHER","B-COMMENT","I-COMMENT","I-COMMENT","B-NAME","I-NAME","OTHER","B-NAME","I-NAME","I-NAME","OTHER","OTHER","I-NAME","I-NAME","I-NAME","I-NAME"
"B-COMMENT","I-COMMENT","I-COMMENT","I-COMMENT","I-COMMENT","B-NAME","I-NAME","OTHER","B-NAME","I-NAME","I-NAME","OTHER","OTHER","B-NAME","I-NAME","I-NAME","I-NAME"


"handful","finely","grated","Parmesan","cheese"
"handful","finely","grated","Parmesan","cheese"
"B-UNIT","B-COMMENT","I-COMMENT","I-NAME","I-NAME"
"B-UNIT","B-NAME","I-NAME","I-NAME","I-NAME"


"1","can","(","10",".","5","oz",")","condensed","golden","mushroom","or","cream","of","mushroom","soup"
"1","can","(","10",".","5","oz",")","condensed","golden","mushroom","or","cream","of","mushroom","soup"
"B-QTY","B-UNIT","OTHER","I-UNIT","I-UNIT","I-UNIT","I-UNIT","OTHER","B-NAME","I-NAME","I-NAME","B-COMMENT","I-COMMENT","I-COMMENT","I-COMMENT","I-COMMENT"
"B-QTY","B-UNIT","OTHER","I-UNIT","I-UNIT","I-UNIT","I-UNIT","OTHER","B-NAME","I-NAME","I-NAME","B-COMMENT","I-COMMENT","I-COMMENT","I-COMMENT","I-NAME"


"6","slices","GO","Veggie","Lactose","Soy","Free","Mozzarella","Slices",",","cut","into","1","/","2","inch","strips"
"6","slices","GO","Veggie","Lactose","Soy","Free","Mozzarella","Slices",",","cut","into","1","/","2","inch","strips"
"B-QTY","B-UNIT","B-COMMENT","I-COMMENT","I-COMMENT","B-NAME","I-NAME","I-NAME","I-NAME","I-COMMENT","I-COMMENT","I-COMMENT","I-COMMENT","I-COMMENT","I-COMMENT","I-COMMENT","I-COMMENT"
"B-QTY","B-UNIT","B-NAME","I-NAME","I-NAME","I-NAME","I-NAME","I-NAME","I-NAME","OTHER","B-COMMENT","I-COMMENT","I-COMMENT","I-COMMENT","I-COMMENT","I-COMMENT","I-COMMENT"


"2","Cups","diced","tomatoes","(","or","one","1","can","diced",")"
"2","Cups","diced","tomatoes","(","or","one","1","can","diced",")"
"B-QTY","B-UNIT","B-COMMENT","B-NAME","I-COMMENT","I-COMMENT","I-COMMENT","I-COMMENT","I-COMMENT","I-COMMENT","I-COMMENT"
"B-QTY","B-UNIT","B-NAME","I-NAME","OTHER","B-COMMENT","I-COMMENT","I-COMMENT","I-COMMENT","I-COMMENT","OTHER"


"1","tablespoon","lemon","zest",",","plus","1","tablespoon","juice","(","from","1","lemon",")"
"1","tablespoon","lemon","zest",",","plus","1","tablespoon","juice","(","from","1","lemon",")"
"B-QTY","B-UNIT","B-NAME","I-NAME","OTHER","OTHER","B-QTY","B-UNIT","B-NAME","I-COMMENT","I-COMMENT","I-COMMENT","I-COMMENT","OTHER"
"B-QTY","B-UNIT","B-NAME","I-NAME","OTHER","B-COMMENT","I-COMMENT","I-COMMENT","I-COMMENT","OTHER","I-COMMENT","B-QTY","B-NAME","I-COMMENT"


"Chopped","parsley","and","chopped","chives","(","for","serving",")"
"Chopped","parsley","and","chopped","chives","(","for","serving",")"
"B-COMMENT","B-NAME","OTHER","B-COMMENT","B-NAME","I-COMMENT","I-COMMENT","I-COMMENT","I-COMMENT"
"B-COMMENT","B-NAME","OTHER","I-COMMENT","B-NAME","I-COMMENT","I-COMMENT","I-COMMENT","I-COMMENT"


"2","large","red","grapefruit","(","about","1","pound","each",")"
"2","large","red","grapefruit","(","about","1","pound","each",")"
"B-QTY","B-UNIT","B-NAME","I-NAME","OTHER","B-COMMENT","I-COMMENT","B-UNIT","I-COMMENT","OTHER"
"B-QTY","B-UNIT","B-NAME","I-NAME","OTHER","B-COMMENT","I-COMMENT","I-COMMENT","I-COMMENT","OTHER"


"(","optional","fresh","lime","wedges","for","serving",")"
"(","optional","fresh","lime","wedges","for","serving",")"
"OTHER","B-COMMENT","B-NAME","I-NAME","I-NAME","I-COMMENT","I-COMMENT","OTHER"
"OTHER","B-COMMENT","OTHER","B-NAME","I-NAME","I-COMMENT","I-COMMENT","OTHER"


"1","tablespoon","lemon","zest",",","plus","1","tablespoon","juice","(","from","1","lemon",")"
"1","tablespoon","lemon","zest",",","plus","1","tablespoon","juice","(","from","1","lemon",")"
"B-QTY","B-UNIT","B-NAME","I-NAME","OTHER","OTHER","B-QTY","B-UNIT","B-NAME","I-COMMENT","I-COMMENT","I-COMMENT","I-COMMENT","OTHER"
"B-QTY","B-UNIT","B-NAME","I-NAME","OTHER","B-COMMENT","I-COMMENT","I-COMMENT","I-COMMENT","OTHER","I-COMMENT","B-QTY","B-NAME","I-COMMENT"


"1","Tbsp","honey"
"1","Tbsp","honey"
"B-QTY","B-UNIT","B-NAME"
"B-QTY","B-UNIT","I-NAME"


"1","6","-","ounce","bag","baby","spinach",",","or","1","bunch","spinach",",","washed","and","stemmed"
"1","6","-","ounce","bag","baby","spinach",",","or","1","bunch","spinach",",","washed","and","stemmed"
"B-QTY","B-UNIT","I-UNIT","I-UNIT","I-UNIT","B-NAME","I-NAME","OTHER","B-COMMENT","I-COMMENT","B-UNIT","I-COMMENT","I-COMMENT","I-COMMENT","I-COMMENT","I-COMMENT"
"B-QTY","B-UNIT","I-UNIT","I-UNIT","I-UNIT","B-NAME","I-NAME","OTHER","B-COMMENT","I-COMMENT","I-COMMENT","I-COMMENT","I-COMMENT","I-COMMENT","I-COMMENT","I-COMMENT"


"1","Yellow","onion","(","Thinly","sliced",")"
"1","Yellow","onion","(","Thinly","sliced",")"
"B-QTY","B-NAME","I-NAME","OTHER","B-COMMENT","I-COMMENT","OTHER"
"B-QTY","B-UNIT","B-NAME","OTHER","B-COMMENT","I-COMMENT","OTHER"


"1","Tbsp","honey"
"1","Tbsp","honey"
"B-QTY","B-UNIT","B-NAME"
"B-QTY","B-UNIT","I-NAME"


"Florets","from","1","medium","head","broccoli","(","about","1","/","2","pound",",","chopped","small",")"
"Florets","from","1","medium","head","broccoli","(","about","1","/","2","pound",",","chopped","small",")"
"I-NAME","OTHER","B-QTY","B-UNIT","I-UNIT","B-NAME","OTHER","B-COMMENT","I-COMMENT","I-COMMENT","I-COMMENT","I-COMMENT","I-COMMENT","I-COMMENT","I-COMMENT","OTHER"
"B-COMMENT","OTHER","B-QTY","B-UNIT","I-UNIT","B-NAME","I-COMMENT","I-COMMENT","I-COMMENT","I-COMMENT","I-COMMENT","I-COMMENT","I-COMMENT","I-COMMENT","I-COMMENT","I-COMMENT"


"Tomato","Soup"
"Tomato","Soup"
"B-NAME","OTHER"
"OTHER","OTHER"


"freshly","-","cracked","black","pepper"
"freshly","-","cracked","black","pepper"
"OTHER","OTHER","OTHER","I-NAME","I-NAME"
"OTHER","OTHER","B-NAME","I-NAME","I-NAME"


"1","/","2","lb",".","shaved","Brussels","sprouts"
"1","/","2","lb",".","shaved","Brussels","sprouts"
"B-QTY","I-QTY","I-QTY","B-UNIT","OTHER","B-NAME","I-NAME","I-NAME"
"B-QTY","I-QTY","I-QTY","B-UNIT","OTHER","B-COMMENT","B-NAME","I-NAME"


"1","tablespoon","lemon","zest",",","plus","1","tablespoon","juice","(","from","1","lemon",")"
"1","tablespoon","lemon","zest",",","plus","1","tablespoon","juice","(","from","1","lemon",")"
"B-QTY","B-UNIT","B-NAME","I-NAME","OTHER","OTHER","B-QTY","B-UNIT","B-NAME","I-COMMENT","I-COMMENT","I-COMMENT","I-COMMENT","OTHER"
"B-QTY","B-UNIT","B-NAME","I-NAME","OTHER","B-COMMENT","I-COMMENT","I-COMMENT","I-COMMENT","OTHER","I-COMMENT","B-QTY","B-NAME","I-COMMENT"


"1","/","4","cup","minced","red","onion",",","finely","diced"
"1","/","4","cup","minced","red","onion",",","finely","diced"
"B-QTY","I-QTY","I-QTY","B-UNIT","B-COMMENT","B-NAME","I-NAME","I-COMMENT","I-COMMENT","I-COMMENT"
"B-QTY","I-QTY","I-QTY","B-UNIT","B-COMMENT","B-NAME","I-NAME","OTHER","OTHER","OTHER"


"Cooked","white","rice",",","Little","Gem","lettuce","leaves",",","sliced","cucumber","or","julienned","carrot",",","lime","wedges",",","mint","or","basil","sprigs",",","and","toasted","sesame","seeds","(","for","serving",")"
"Cooked","white","rice",",","Little","Gem","lettuce","leaves",",","sliced","cucumber","or","julienned","carrot",",","lime","wedges",",","mint","or","basil","sprigs",",","and","toasted","sesame","seeds","(","for","serving",")"
"B-COMMENT","B-NAME","I-NAME","I-COMMENT","I-COMMENT","I-COMMENT","I-COMMENT","I-NAME","OTHER","I-COMMENT","B-NAME","I-COMMENT","I-COMMENT","B-NAME","OTHER","B-NAME","I-NAME","OTHER","B-NAME","OTHER","B-NAME","I-NAME","OTHER","OTHER","B-NAME","I-NAME","I-NAME","OTHER","B-COMMENT","I-COMMENT","OTHER"
"B-COMMENT","B-NAME","I-NAME","OTHER","B-NAME","I-NAME","I-NAME","B-UNIT","OTHER","B-COMMENT","B-NAME","I-COMMENT","I-COMMENT","I-COMMENT","OTHER","B-NAME","B-UNIT","OTHER","B-NAME","B-COMMENT","I-COMMENT","B-UNIT","OTHER","OTHER","B-NAME","I-NAME","I-NAME","OTHER","B-COMMENT","I-COMMENT","OTHER"


"diced","tomatoes"
"diced","tomatoes"
"B-COMMENT","B-NAME"
"B-NAME","I-NAME"


"2","leaves","bay"
"2","leaves","bay"
"B-QTY","B-UNIT","B-NAME"
"B-QTY","I-NAME","B-NAME"


"freshly","-","cracked","black","pepper"
"freshly","-","cracked","black","pepper"
"OTHER","OTHER","OTHER","I-NAME","I-NAME"
"OTHER","OTHER","B-NAME","I-NAME","I-NAME"


"(","optional","1","-","2","teaspoons","sriracha",",","added","to","taste",")"
"(","optional","1","-","2","teaspoons","sriracha",",","added","to","taste",")"
"OTHER","OTHER","B-QTY","OTHER","B-QTY","B-UNIT","B-NAME","OTHER","B-COMMENT","I-COMMENT","I-COMMENT","OTHER"
"OTHER","B-COMMENT","B-QTY","OTHER","B-QTY","B-UNIT","B-NAME","I-COMMENT","I-COMMENT","I-COMMENT","I-COMMENT","OTHER"


"Wooden","spoon"
"Wooden","spoon"
"OTHER","I-NAME"
"OTHER","OTHER"


"1","minced","garlic","clove"
"1","minced","garlic","clove"
"B-QTY","B-COMMENT","B-NAME","I-UNIT"
"B-QTY","B-COMMENT","B-NAME","B-UNIT"


"optional","toppings","thinly","-","sliced","green","onions",",","toasted","sesame","seeds",",","extra","crushed","red","pepper","flakes"
"optional","toppings","thinly","-","sliced","green","onions",",","toasted","sesame","seeds",",","extra","crushed","red","pepper","flakes"
"OTHER","OTHER","B-COMMENT","I-COMMENT","I-COMMENT","B-NAME","I-NAME","OTHER","B-NAME","I-NAME","I-NAME","OTHER","OTHER","I-NAME","I-NAME","I-NAME","I-NAME"
"B-COMMENT","I-COMMENT","I-COMMENT","I-COMMENT","I-COMMENT","B-NAME","I-NAME","OTHER","B-NAME","I-NAME","I-NAME","OTHER","OTHER","B-NAME","I-NAME","I-NAME","I-NAME"


"8","boneless",",","(","skinless","chicken","tenders",")"
"8","boneless",",","(","skinless","chicken","tenders",")"
"B-QTY","B-NAME","OTHER","OTHER","I-NAME","I-NAME","I-NAME","OTHER"
"B-QTY","B-NAME","I-NAME","OTHER","I-NAME","I-NAME","I-NAME","OTHER"


"optional","toppings","thinly","-","sliced","green","onions",",","toasted","sesame","seeds",",","extra","crushed","red","pepper","flakes"
"optional","toppings","thinly","-","sliced","green","onions",",","toasted","sesame","seeds",",","extra","crushed","red","pepper","flakes"
"OTHER","OTHER","B-COMMENT","I-COMMENT","I-COMMENT","B-NAME","I-NAME","OTHER","B-NAME","I-NAME","I-NAME","OTHER","OTHER","I-NAME","I-NAME","I-NAME","I-NAME"
"B-COMMENT","I-COMMENT","I-COMMENT","I-COMMENT","I-COMMENT","B-NAME","I-NAME","OTHER","B-NAME","I-NAME","I-NAME","OTHER","OTHER","B-NAME","I-NAME","I-NAME","I-NAME"


"1","1","/","2","teaspoons","(","6","g",")","store","-","bought","or","homemade","garam","masala",",","divided"
"1","1","/","2","teaspoons","(","6","g",")","store","-","bought","or","homemade","garam","masala",",","divided"
"B-QTY","I-QTY","I-QTY","I-QTY","B-UNIT","OTHER","OTHER","B-UNIT","OTHER","B-COMMENT","I-COMMENT","I-COMMENT","I-COMMENT","I-COMMENT","B-NAME","I-NAME","I-COMMENT","I-COMMENT"
"B-QTY","I-QTY","I-QTY","I-QTY","B-UNIT","OTHER","B-QTY","B-UNIT","OTHER","B-COMMENT","I-COMMENT","I-COMMENT","I-COMMENT","I-COMMENT","B-NAME","I-NAME","I-COMMENT","I-COMMENT"


"8","whole","wheat","tortillas","(","(","8","-","to","-","10","inch",")",")"
"8","whole","wheat","tortillas","(","(","8","-","to","-","10","inch",")",")"
"B-QTY","B-NAME","I-NAME","I-NAME","OTHER","OTHER","B-COMMENT","I-COMMENT","I-COMMENT","I-COMMENT","I-UNIT","I-UNIT","OTHER","OTHER"
"B-QTY","B-NAME","I-NAME","I-NAME","OTHER","OTHER","B-UNIT","I-UNIT","I-UNIT","I-UNIT","I-UNIT","I-UNIT","OTHER","OTHER"


"1","can","(","10",".","5","oz",")","condensed","golden","mushroom","or","cream","of","mushroom","soup"
"1","can","(","10",".","5","oz",")","condensed","golden","mushroom","or","cream","of","mushroom","soup"
"B-QTY","B-UNIT","OTHER","I-UNIT","I-UNIT","I-UNIT","I-UNIT","OTHER","B-NAME","I-NAME","I-NAME","B-COMMENT","I-COMMENT","I-COMMENT","I-COMMENT","I-COMMENT"
"B-QTY","B-UNIT","OTHER","I-UNIT","I-UNIT","I-UNIT","I-UNIT","OTHER","B-NAME","I-NAME","I-NAME","B-COMMENT","I-COMMENT","I-COMMENT","I-COMMENT","I-NAME"


"8","whole","wheat","tortillas","(","(","8","-","to","-","10","inch",")",")"
"8","whole","wheat","tortillas","(","(","8","-","to","-","10","inch",")",")"
"B-QTY","B-NAME","I-NAME","I-NAME","OTHER","OTHER","B-COMMENT","I-COMMENT","I-COMMENT","I-COMMENT","I-UNIT","I-UNIT","OTHER","OTHER"
"B-QTY","B-NAME","I-NAME","I-NAME","OTHER","OTHER","B-UNIT","I-UNIT","I-UNIT","I-UNIT","I-UNIT","I-UNIT","OTHER","OTHER"


"2","cups","shredded","red","cabbage"
"2","cups","shredded","red","cabbage"
"B-QTY","B-UNIT","B-COMMENT","B-NAME","I-NAME"
"B-QTY","B-UNIT","B-NAME","I-NAME","I-NAME"


"1","/","4","cup","minced","red","onion",",","finely","diced"
"1","/","4","cup","minced","red","onion",",","finely","diced"
"B-QTY","I-QTY","I-QTY","B-UNIT","B-COMMENT","B-NAME","I-NAME","I-COMMENT","I-COMMENT","I-COMMENT"
"B-QTY","I-QTY","I-QTY","B-UNIT","B-COMMENT","B-NAME","I-NAME","OTHER","OTHER","OTHER"


"pineapple","juice","(","(","from","the","can","of","pineapple","rings",")",")"
"pineapple","juice","(","(","from","the","can","of","pineapple","rings",")",")"
"B-NAME","I-NAME","OTHER","OTHER","B-COMMENT","I-COMMENT","I-COMMENT","OTHER","I-COMMENT","I-COMMENT","OTHER","OTHER"
"B-NAME","I-NAME","OTHER","OTHER","B-COMMENT","I-COMMENT","I-COMMENT","I-COMMENT","I-COMMENT","I-COMMENT","OTHER","OTHER"


"1","heaping","tablespoon","spices","(","chili","powder",",","paprika",",","and","/","or","cumin","will","work",")"
"1","heaping","tablespoon","spices","(","chili","powder",",","paprika",",","and","/","or","cumin","will","work",")"
"B-QTY","OTHER","B-UNIT","B-NAME","OTHER","B-COMMENT","I-COMMENT","I-COMMENT","I-COMMENT","I-COMMENT","I-COMMENT","OTHER","I-COMMENT","I-COMMENT","I-COMMENT","I-COMMENT","OTHER"
"B-QTY","OTHER","B-UNIT","OTHER","OTHER","B-NAME","I-NAME","OTHER","B-COMMENT","I-COMMENT","I-COMMENT","I-COMMENT","I-COMMENT","I-COMMENT","I-COMMENT","I-COMMENT","OTHER"


"Lime","wedges",",","for","serving"
"Lime","wedges",",","for","serving"
"B-NAME","I-NAME","OTHER","B-COMMENT","I-COMMENT"
"B-NAME","B-UNIT","OTHER","B-COMMENT","I-COMMENT"


"3","/","4","cup","low","-","fat","or","whole","-","milk","Greek","yogurt"
"3","/","4","cup","low","-","fat","or","whole","-","milk","Greek","yogurt"
"B-QTY","I-QTY","I-QTY","B-UNIT","B-NAME","I-NAME","I-NAME","B-COMMENT","I-COMMENT","I-COMMENT","I-COMMENT","I-COMMENT","I-NAME"
"B-QTY","I-QTY","I-QTY","B-UNIT","B-NAME","I-NAME","I-NAME","B-COMMENT","I-COMMENT","I-COMMENT","I-COMMENT","I-NAME","I-NAME"


"1","teaspon","dried","parsley"
"1","teaspon","dried","parsley"
"B-QTY","B-NAME","I-NAME","I-NAME"
"B-QTY","B-UNIT","B-NAME","I-NAME"


"1","cup","of","finely","diced","red","or","yellow","bell","pepper"
"1","cup","of","finely","diced","red","or","yellow","bell","pepper"
"B-QTY","B-UNIT","OTHER","B-COMMENT","I-COMMENT","I-COMMENT","I-COMMENT","B-NAME","I-NAME","I-NAME"
"B-QTY","B-UNIT","OTHER","B-COMMENT","I-COMMENT","B-NAME","I-COMMENT","I-COMMENT","I-NAME","I-NAME"


"3","cups","cooked","lentils","(","I","used","green","lentils","because","they","told","their","shape","after","being","cooked",")"
"3","cups","cooked","lentils","(","I","used","green","lentils","because","they","told","their","shape","after","being","cooked",")"
"B-QTY","B-UNIT","B-COMMENT","B-NAME","I-COMMENT","I-COMMENT","I-COMMENT","I-COMMENT","I-COMMENT","I-COMMENT","I-COMMENT","I-COMMENT","I-COMMENT","I-COMMENT","I-COMMENT","I-COMMENT","I-COMMENT","I-COMMENT"
"B-QTY","B-UNIT","I-UNIT","B-NAME","OTHER","B-COMMENT","I-COMMENT","I-COMMENT","I-COMMENT","I-COMMENT","I-COMMENT","I-COMMENT","I-COMMENT","I-COMMENT","I-COMMENT","I-COMMENT","I-COMMENT","OTHER"


"2","red","capsicum","/","bell","peppers","(",",","cut","into","1","cm","/","2","/","5","pieces",")"
"2","red","capsicum","/","bell","peppers","(",",","cut","into","1","cm","/","2","/","5","pieces",")"
"B-QTY","B-NAME","OTHER","OTHER","B-NAME","I-NAME","OTHER","OTHER","B-COMMENT","I-COMMENT","I-COMMENT","I-COMMENT","I-COMMENT","I-COMMENT","I-COMMENT","I-COMMENT","I-COMMENT","OTHER"
"B-QTY","B-NAME","I-NAME","OTHER","I-NAME","I-NAME","OTHER","OTHER","B-COMMENT","I-COMMENT","I-COMMENT","I-COMMENT","I-COMMENT","I-COMMENT","I-COMMENT","I-COMMENT","I-COMMENT","OTHER"


"Cooked","white","rice",",","Little","Gem","lettuce","leaves",",","sliced","cucumber","or","julienned","carrot",",","lime","wedges",",","mint","or","basil","sprigs",",","and","toasted","sesame","seeds","(","for","serving",")"
"Cooked","white","rice",",","Little","Gem","lettuce","leaves",",","sliced","cucumber","or","julienned","carrot",",","lime","wedges",",","mint","or","basil","sprigs",",","and","toasted","sesame","seeds","(","for","serving",")"
"B-COMMENT","B-NAME","I-NAME","I-COMMENT","I-COMMENT","I-COMMENT","I-COMMENT","I-NAME","OTHER","I-COMMENT","B-NAME","I-COMMENT","I-COMMENT","B-NAME","OTHER","B-NAME","I-NAME","OTHER","B-NAME","OTHER","B-NAME","I-NAME","OTHER","OTHER","B-NAME","I-NAME","I-NAME","OTHER","B-COMMENT","I-COMMENT","OTHER"
"B-COMMENT","B-NAME","I-NAME","OTHER","B-NAME","I-NAME","I-NAME","B-UNIT","OTHER","B-COMMENT","B-NAME","I-COMMENT","I-COMMENT","I-COMMENT","OTHER","B-NAME","B-UNIT","OTHER","B-NAME","B-COMMENT","I-COMMENT","B-UNIT","OTHER","OTHER","B-NAME","I-NAME","I-NAME","OTHER","B-COMMENT","I-COMMENT","OTHER"


"600","g","/","21","oz","canned","chickpeas","(",",","drained","and","rinsed","(","1",".","5","standard","cans",",","Note","2",")",")"
"600","g","/","21","oz","canned","chickpeas","(",",","drained","and","rinsed","(","1",".","5","standard","cans",",","Note","2",")",")"
"B-QTY","B-UNIT","OTHER","B-QTY","B-UNIT","B-NAME","I-NAME","OTHER","OTHER","B-COMMENT","I-COMMENT","I-COMMENT","OTHER","OTHER","OTHER","I-COMMENT","I-COMMENT","I-COMMENT","OTHER","OTHER","OTHER","OTHER","OTHER"
"B-QTY","B-UNIT","OTHER","B-QTY","B-UNIT","B-NAME","I-NAME","OTHER","OTHER","B-COMMENT","I-COMMENT","I-COMMENT","I-COMMENT","I-COMMENT","I-COMMENT","I-COMMENT","I-COMMENT","I-COMMENT","OTHER","OTHER","OTHER","I-COMMENT","OTHER"


"Roasted","Green","Beans"
"Roasted","Green","Beans"
"B-COMMENT","I-NAME","I-NAME"
"OTHER","OTHER","OTHER"


"1","large","bundle","arugula",",","cleaned",",","or","boxed","leaves"
"1","large","bundle","arugula",",","cleaned",",","or","boxed","leaves"
"B-QTY","B-UNIT","B-NAME","I-NAME","OTHER","B-COMMENT","I-COMMENT","I-COMMENT","I-COMMENT","I-COMMENT"
"B-QTY","B-UNIT","I-UNIT","B-NAME","OTHER","B-COMMENT","I-COMMENT","I-COMMENT","I-COMMENT","I-COMMENT"


"3","-","4","smashed","and","rough","chopped","garlic","cloves"
"3","-","4","smashed","and","rough","chopped","garlic","cloves"
"B-QTY","OTHER","B-QTY","B-COMMENT","I-COMMENT","I-COMMENT","I-COMMENT","B-NAME","I-UNIT"
"B-QTY","OTHER","B-QTY","B-COMMENT","I-COMMENT","I-COMMENT","I-COMMENT","B-NAME","B-UNIT"


"2","cups","low","sodium",",","99","%","fat","free","chicken","broth"
"2","cups","low","sodium",",","99","%","fat","free","chicken","broth"
"B-QTY","B-UNIT","B-NAME","I-NAME","OTHER","B-COMMENT","I-COMMENT","I-NAME","I-NAME","I-NAME","I-NAME"
"B-QTY","B-UNIT","B-NAME","I-NAME","I-NAME","I-NAME","I-NAME","I-NAME","I-NAME","I-NAME","I-NAME"


"Unsalted","butter","(","softened",")"
"Unsalted","butter","(","softened",")"
"B-NAME","I-NAME","OTHER","B-COMMENT","OTHER"
"B-NAME","I-NAME","OTHER","I-COMMENT","OTHER"


"2","cups","shredded","red","cabbage"
"2","cups","shredded","red","cabbage"
"B-QTY","B-UNIT","B-COMMENT","B-NAME","I-NAME"
"B-QTY","B-UNIT","B-NAME","I-NAME","I-NAME"


"Lime","wedges",",","for","serving"
"Lime","wedges",",","for","serving"
"B-NAME","I-NAME","OTHER","B-COMMENT","I-COMMENT"
"B-NAME","B-UNIT","OTHER","B-COMMENT","I-COMMENT"


"1","cup","(","200","grams",")","dried","chickpeas",",","soaked","overnight","and","cooked","or","1","(","15","-","ounce","/","425","-","gram",")","can","chickpeas",",","drained"
"1","cup","(","200","grams",")","dried","chickpeas",",","soaked","overnight","and","cooked","or","1","(","15","-","ounce","/","425","-","gram",")","can","chickpeas",",","drained"
"B-QTY","B-UNIT","OTHER","B-QTY","B-UNIT","OTHER","B-NAME","I-NAME","OTHER","B-COMMENT","I-COMMENT","I-COMMENT","I-COMMENT","I-COMMENT","I-COMMENT","I-COMMENT","B-UNIT","I-COMMENT","I-COMMENT","I-COMMENT","I-COMMENT","I-COMMENT","I-COMMENT","I-COMMENT","I-COMMENT","I-COMMENT","I-COMMENT","I-COMMENT"
"B-QTY","B-UNIT","OTHER","B-QTY","B-UNIT","OTHER","B-NAME","I-NAME","OTHER","B-COMMENT","I-COMMENT","I-COMMENT","I-COMMENT","I-COMMENT","I-COMMENT","OTHER","I-COMMENT","I-COMMENT","I-COMMENT","I-COMMENT","I-COMMENT","I-COMMENT","I-COMMENT","OTHER","I-COMMENT","I-COMMENT","I-COMMENT","I-COMMENT"


"16","ounce","quartered","Brussels","sprouts"
"16","ounce","quartered","Brussels","sprouts"
"B-QTY","B-UNIT","B-COMMENT","I-NAME","I-NAME"
"B-QTY","B-UNIT","B-COMMENT","B-NAME","I-NAME"


"8","boneless",",","(","skinless","chicken","tenders",")"
"8","boneless",",","(","skinless","chicken","tenders",")"
"B-QTY","B-NAME","OTHER","OTHER","I-NAME","I-NAME","I-NAME","OTHER"
"B-QTY","B-NAME","I-NAME","OTHER","I-NAME","I-NAME","I-NAME","OTHER"


"4","cups","steamed","white","rice"
"4","cups","steamed","white","rice"
"B-QTY","B-UNIT","B-COMMENT","B-NAME","I-NAME"
"B-QTY","B-UNIT","I-UNIT","B-NAME","I-NAME"


"1","/","4","cup","sautéed","mushrooms"
"1","/","4","cup","sautéed","mushrooms"
"B-QTY","I-QTY","I-QTY","B-UNIT","B-NAME","I-NAME"
"B-QTY","I-QTY","I-QTY","B-UNIT","B-COMMENT","B-NAME"


"Wooden","spoon"
"Wooden","spoon"
"OTHER","I-NAME"
"OTHER","OTHER"


"Tomato","Soup"
"Tomato","Soup"
"B-NAME","OTHER"
"OTHER","OTHER"


"Sliced","avocado",",","onion",",","tomato",",","and","or","lettuce","(","(","optional","/","/","for","serving",")",")"
"Sliced","avocado",",","onion",",","tomato",",","and","or","lettuce","(","(","optional","/","/","for","serving",")",")"
"B-COMMENT","B-NAME","OTHER","B-NAME","OTHER","B-NAME","OTHER","OTHER","I-COMMENT","B-NAME","OTHER","I-COMMENT","I-COMMENT","OTHER","OTHER","I-COMMENT","I-COMMENT","I-COMMENT","OTHER"
"B-COMMENT","B-NAME","OTHER","B-NAME","OTHER","B-NAME","OTHER","OTHER","OTHER","B-NAME","OTHER","OTHER","I-COMMENT","OTHER","OTHER","I-COMMENT","I-COMMENT","OTHER","OTHER"


"1","minced","garlic","clove"
"1","minced","garlic","clove"
"B-QTY","B-COMMENT","B-NAME","I-UNIT"
"B-QTY","B-COMMENT","B-NAME","B-UNIT"


"1","/","2","cup","loosely","packed","fresh","cilantro","leaves"
"1","/","2","cup","loosely","packed","fresh","cilantro","leaves"
"B-QTY","I-QTY","I-QTY","B-UNIT","I-UNIT","I-UNIT","B-NAME","I-NAME","I-NAME"
"B-QTY","I-QTY","I-QTY","B-UNIT","B-COMMENT","I-COMMENT","B-NAME","I-NAME","I-NAME"


"2","thick",",","wild","salmon","fillets","(","6","to","8","ounces","each",")"
"2","thick",",","wild","salmon","fillets","(","6","to","8","ounces","each",")"
"B-QTY","B-NAME","I-NAME","I-NAME","I-NAME","B-UNIT","OTHER","I-UNIT","I-UNIT","I-UNIT","I-UNIT","OTHER","OTHER"
"B-QTY","B-UNIT","OTHER","B-NAME","I-NAME","I-UNIT","OTHER","I-UNIT","I-UNIT","I-UNIT","I-UNIT","OTHER","OTHER"


